Name,Slug,Size,Series,Category,Finish,Application,Collection,Catalog,Has Image,Visible on Site,Image URL
Alcazar,alcazar-300x300,300×300 mm,Alcazar,Ceramic,Matt,Floor,,floor-300x300,YES,VISIBLE,https://cdn.sanity.io/images/3jv6o4t6/production/2dee4622d66298b4dca5067a8ec76d51ed2b874d-4913x4913.
Angel Dark Floor,angel-dark-300x300,300×300 mm,Angel,Ceramic,Matt,Floor,,floor-300x300,YES,VISIBLE,https://cdn.sanity.io/images/3jv6o4t6/production/eccce244f0d3d9435cb43199cb733006f705b73c-4945x4945.
Aqua Cloudy,aqua-cloudy-300x300,300×300 mm,Aqua Cloudy,Ceramic,Matt,Floor,,floor-300x300,YES,VISIBLE,https://cdn.sanity.io/images/3jv6o4t6/production/5b7e116e8d7641647fc64babb4cb22025b9d0cda-498x497.jp
Aqua Dense,aqua-dense-300x300,300×300 mm,Aqua Dense,Ceramic,Matt,Floor,,floor-300x300,YES,VISIBLE,https://cdn.sanity.io/images/3jv6o4t6/production/951f3ab89b948756e13c26a8089cf89f70b3654a-497x497.jp
Aqua Green,aqua-green-300x300,300×300 mm,Aqua Green,Ceramic,Matt,Floor,,floor-300x300,YES,VISIBLE,https://cdn.sanity.io/images/3jv6o4t6/production/34a95c1d329309974c18f45e60aae499ea3ac473-497x497.jp
Atlantica,atlantica-300x300,300×300 mm,Atlantica,Ceramic,Matt,Floor,,floor-300x300,YES,VISIBLE,https://cdn.sanity.io/images/3jv6o4t6/production/9939906e7679350ae7fc82fe773c2e9947f2061d-4913x4913.
Avila Grey Dark Floor,avila-grey-dark-300x300,300×300 mm,Avila Grey,Ceramic,Matt,Floor,,floor-300x300,YES,VISIBLE,https://cdn.sanity.io/images/3jv6o4t6/production/97d464b1ffec1e6b86c14aa20216e8f11d189d19-4945x4945.
Blare Dark,blare-dark-300x300,300×300 mm,Blare,Ceramic,Matt,Floor,,floor-300x300,YES,VISIBLE,https://cdn.sanity.io/images/3jv6o4t6/production/29ef7041b71c54cd9801f98022b84a48db2e18dc-497x497.jp
Buff Beige,buff-beige-300x300,300×300 mm,Buff Beige,Ceramic,Matt,Floor,,floor-300x300,YES,VISIBLE,https://cdn.sanity.io/images/3jv6o4t6/production/645579ae79737112199971993c4fd82118e15222-497x497.jp
Calendula Venezia,calendula-venezia-300x300,300×300 mm,Calendula Venezia,Ceramic,Matt,Floor,,floor-300x300,YES,VISIBLE,https://cdn.sanity.io/images/3jv6o4t6/production/d3b5919ace4f2ce9944c9f6763105fa1fd66584d-4913x4913.
Camel Brown,camel-brown-300x300,300×300 mm,Camel Brown,Ceramic,Matt,Floor,,floor-300x300,YES,VISIBLE,https://cdn.sanity.io/images/3jv6o4t6/production/49151b83086148954262f3097406b33914438b1f-497x497.jp
Charcoal,charcoal-300x300,300×300 mm,Charcoal,Ceramic,Matt,Floor,,floor-300x300,YES,VISIBLE,https://cdn.sanity.io/images/3jv6o4t6/production/6d6b60d33ce9947b89c2067c558919644ec0c1dd-497x497.jp
Cheesy Brown,cheesy-brown-300x300,300×300 mm,Cheesy Brown,Ceramic,Matt,Floor,,floor-300x300,YES,VISIBLE,https://cdn.sanity.io/images/3jv6o4t6/production/eb9f9bf2e3e6eaabc8ed8ad1e8d3112134735288-497x497.jp
Classy Beige Floor,classy-beige-300x300,300×300 mm,Classy Beige,Ceramic,Matt,Floor,,floor-300x300,YES,VISIBLE,https://cdn.sanity.io/images/3jv6o4t6/production/fba1df88253bd8eecae3b0c28fc2d978b2b4e799-4913x4913.
Cozy,cozy-300x300,300×300 mm,Cozy,Ceramic,Matt,Floor,,floor-300x300,YES,VISIBLE,https://cdn.sanity.io/images/3jv6o4t6/production/6ae5c7dc6b63571067540cf989e8829e0beee73b-4252x4252.
Crust Barren,crust-barren-300x300,300×300 mm,Crust Barren,Ceramic,Matt,Floor,,floor-300x300,YES,VISIBLE,https://cdn.sanity.io/images/3jv6o4t6/production/ba9117a348fa31cc2fe39de90b3025d2216ccd82-497x497.jp
Crust Black,crust-black-300x300,300×300 mm,Crust Black,Ceramic,Matt,Floor,,floor-300x300,YES,VISIBLE,https://cdn.sanity.io/images/3jv6o4t6/production/072247f571e0a507fe3a8bcdf449d3051f458aa9-497x497.jp
Crust Dusk,crust-dusk-300x300,300×300 mm,Crust Dusk,Ceramic,Matt,Floor,,floor-300x300,YES,VISIBLE,https://cdn.sanity.io/images/3jv6o4t6/production/fa1ea477e3a463a31b02097e8fef38113f41f772-497x497.jp
Crust Foggy,crust-foggy-300x300,300×300 mm,Crust Foggy,Ceramic,Matt,Floor,,floor-300x300,YES,VISIBLE,https://cdn.sanity.io/images/3jv6o4t6/production/2f61033fab153efaa2355bd6c9d513c7d68c11ec-497x497.jp
Crust Grey,crust-grey-300x300,300×300 mm,Crust Grey,Ceramic,Matt,Floor,,floor-300x300,YES,VISIBLE,https://cdn.sanity.io/images/3jv6o4t6/production/13bc2e395b0d94b15e40efd65e7b1661732c89f5-4945x4945.
Crust Grey Dark Floor,crust-grey-dark-300x300,300×300 mm,Crust Grey,Ceramic,Matt,Floor,,floor-300x300,YES,VISIBLE,https://cdn.sanity.io/images/3jv6o4t6/production/13bc2e395b0d94b15e40efd65e7b1661732c89f5-4945x4945.
Crust Pale,crust-pale-300x300,300×300 mm,Crust Pale,Ceramic,Matt,Floor,,floor-300x300,YES,VISIBLE,https://cdn.sanity.io/images/3jv6o4t6/production/224946eb7eacd4f0e937cdc7e61b97a4ea4d0ee0-497x497.jp
Crust Pine,crust-pine-300x300,300×300 mm,Crust Pine,Ceramic,Matt,Floor,,floor-300x300,YES,VISIBLE,https://cdn.sanity.io/images/3jv6o4t6/production/951be51fd8dd0f635ed7bd2327d9840ae37c32de-497x497.jp
Crystal Grey,crystal-grey-300x300,300×300 mm,Crystal Grey,Ceramic,Matt,Floor,,floor-300x300,YES,VISIBLE,https://cdn.sanity.io/images/3jv6o4t6/production/af8d8f43619a05dc0caf26a94b8c65f7983d345b-497x497.jp
Daisy Jolly,daisy-jolly-300x300,300×300 mm,Daisy Jolly,Ceramic,Matt,Floor,,floor-300x300,YES,VISIBLE,https://cdn.sanity.io/images/3jv6o4t6/production/0ccf6fa1ad039a717ba261850651a35f35a727cb-497x497.jp
Desert Marble Dark Floor,desert-marble-dark-300x300,300×300 mm,Desert Marble,Ceramic,Matt,Floor,,floor-300x300,YES,VISIBLE,https://cdn.sanity.io/images/3jv6o4t6/production/1cda499792f0077fc3e5f1c89e0ffcbde1b3355d-4945x4945.
Destiny Dark EC,destiny-dark-ec-300x300,300×300 mm,Destiny,Ceramic,Matt,Floor,,floor-300x300,YES,VISIBLE,https://cdn.sanity.io/images/3jv6o4t6/production/229e49d8ed422db9ab476f54062c730e68502f9f-4945x4945.
Destiny Dark Floor,destiny-dark-300x300,300×300 mm,Destiny,Ceramic,Matt,Floor,,floor-300x300,YES,VISIBLE,https://cdn.sanity.io/images/3jv6o4t6/production/229e49d8ed422db9ab476f54062c730e68502f9f-4945x4945.
Dusk Grey Dark Floor,dusk-grey-dark-300x300,300×300 mm,Dusk Grey,Ceramic,Matt,Floor,,floor-300x300,YES,VISIBLE,https://cdn.sanity.io/images/3jv6o4t6/production/c44c76aa6ada39c7f58f0dff99f2f4a0abdbfbea-4945x4945.
Dusk Gris Dark Floor,dusk-gris-dark-300x300,300×300 mm,Dusk Gris,Ceramic,Matt,Floor,,floor-300x300,YES,VISIBLE,https://cdn.sanity.io/images/3jv6o4t6/production/36cc520dd36dff53ed01af0f86c253ed25d7d715-4945x4945.
Dusk Gris Light Floor,dusk-gris-light-300x300,300×300 mm,Dusk Gris,Ceramic,Matt,Floor,,floor-300x300,YES,VISIBLE,https://cdn.sanity.io/images/3jv6o4t6/production/7a29fd6ac8aeddfe0b576a9cebe91b676f8c9c90-4913x4913.
Edmonton,edmonton-300x300,300×300 mm,Edmonton,Ceramic,Matt,Floor,,floor-300x300,YES,VISIBLE,https://cdn.sanity.io/images/3jv6o4t6/production/a0f99c3275ab23562c26398738befcabaef23888-4945x4945.
Fade,fade-300x300,300×300 mm,Fade,Ceramic,Matt,Floor,,floor-300x300,YES,VISIBLE,https://cdn.sanity.io/images/3jv6o4t6/production/9aadc76d99b5a896ae6ccbef9f1e73d3a79923bc-4945x4945.
Faith,faith-300x300,300×300 mm,Faith,Ceramic,Matt,Floor,,floor-300x300,YES,VISIBLE,https://cdn.sanity.io/images/3jv6o4t6/production/14cd36d245634bc198bbe8f365790b5b159756b1-4945x4945.
Fantasy Floral Dark Floor,fantasy-floral-dark-300x300,300×300 mm,Fantasy Floral,Ceramic,Matt,Floor,,floor-300x300,YES,VISIBLE,https://cdn.sanity.io/images/3jv6o4t6/production/afb8fd711842d7b368d7cd2efbc235a628923631-4945x4945.
Fern 05,fern-05-300x300,300×300 mm,Fern,Ceramic,Matt,Floor,,floor-300x300,YES,VISIBLE,https://cdn.sanity.io/images/3jv6o4t6/production/465940cb9449e719019edfb3e738d0b80ae49c09-4945x4945.
Fiorello Dark Floor,fiorello-dark-300x300,300×300 mm,Fiorello,Ceramic,Matt,Floor,,floor-300x300,YES,VISIBLE,https://cdn.sanity.io/images/3jv6o4t6/production/3915b4d8dfe787a3749e59a2c64f0694e64f8872-4945x4945.
Floral Brown,floral-brown-300x300,300×300 mm,Floral Brown,Ceramic,Matt,Floor,,floor-300x300,YES,VISIBLE,https://cdn.sanity.io/images/3jv6o4t6/production/4394bbbec4a4f9cbe6565dfaf61284bb703ffee4-498x497.jp
Floral Grey,floral-grey-300x300,300×300 mm,Floral Grey,Ceramic,Matt,Floor,,floor-300x300,YES,VISIBLE,https://cdn.sanity.io/images/3jv6o4t6/production/c8c53376f041581dcd826f6a32683fdf17d40cc2-497x497.jp
Florida,florida-300x300,300×300 mm,Florida,Ceramic,Matt,Floor,,floor-300x300,YES,VISIBLE,https://cdn.sanity.io/images/3jv6o4t6/production/8204f1782121d2613e398cf8d6d11cf7e0faf7d2-4945x4945.
Flowery Dark Floor,flowery-dark-300x300,300×300 mm,Flowery,Ceramic,Matt,Floor,,floor-300x300,YES,VISIBLE,https://cdn.sanity.io/images/3jv6o4t6/production/3f66636e2bad9321ed8434c1c3e92836e1362756-4945x4945.
Ford Dark Floor,ford-dark-300x300,300×300 mm,Ford,Ceramic,Matt,Floor,,floor-300x300,YES,VISIBLE,https://cdn.sanity.io/images/3jv6o4t6/production/9db60ba69d299d257c3d97d91d6a8eeb5facbd14-497x497.jp
Fusion Dark Floor,fusion-dark-300x300,300×300 mm,Fusion,Ceramic,Matt,Floor,,floor-300x300,YES,VISIBLE,https://cdn.sanity.io/images/3jv6o4t6/production/f15843b8c05677f54444bd9d164b29e2d0f1885b-4945x4945.
Inlay Beige Dark Floor,inlay-beige-dark-300x300,300×300 mm,Inlay Beige,Ceramic,Matt,Floor,,floor-300x300,YES,VISIBLE,https://cdn.sanity.io/images/3jv6o4t6/production/9931996c8fde8bb652a65bf06b40c7210e888955-4945x4945.
Jewel Dark Floor,jewel-dark-300x300,300×300 mm,Jewel,Ceramic,Matt,Floor,,floor-300x300,YES,VISIBLE,https://cdn.sanity.io/images/3jv6o4t6/production/d685fb62089fe9ec53f87b4bdc64b49e1a5d38fa-4945x4945.
Kettle,kettle-300x300,300×300 mm,Kettle,Ceramic,Matt,Floor,,floor-300x300,YES,VISIBLE,https://cdn.sanity.io/images/3jv6o4t6/production/005fd258f3712382cfd5925f8f4281b00535c6fe-4945x4945.
Kettle Light Floor,kettle-light-300x300,300×300 mm,Kettle,Ceramic,Matt,Floor,,floor-300x300,YES,VISIBLE,https://cdn.sanity.io/images/3jv6o4t6/production/c300490d2a70d73ef7acc1462b7ccbc6fbfd67dc-4913x4913.
Kyoto Dark Floor,kyoto-dark-300x300,300×300 mm,Kyoto,Ceramic,Matt,Floor,,floor-300x300,YES,VISIBLE,https://cdn.sanity.io/images/3jv6o4t6/production/d791fbfe5690bf34f8ffcffcb80331bc2b50a2ff-4929x4929.
Lake 103,lake-103-300x300,300×300 mm,Lake,Ceramic,Matt,Floor,,floor-300x300,YES,VISIBLE,https://cdn.sanity.io/images/3jv6o4t6/production/94e74434fc222dd13ad3b0725103c66cda343ccf-497x497.jp
Lake 104,lake-104-300x300,300×300 mm,Lake,Ceramic,Matt,Floor,,floor-300x300,YES,VISIBLE,https://cdn.sanity.io/images/3jv6o4t6/production/3f778f122572357620350144779da35d5efe5f52-497x497.jp
Lake Brown,lake-brown-300x300,300×300 mm,Lake Brown,Ceramic,Matt,Floor,,floor-300x300,YES,VISIBLE,https://cdn.sanity.io/images/3jv6o4t6/production/7f84e98fff583ec4344f8ced3ba5e20e1364c3ff-4252x4252.
Lake Grey,lake-grey-300x300,300×300 mm,Lake Grey,Ceramic,Matt,Floor,,floor-300x300,YES,VISIBLE,https://cdn.sanity.io/images/3jv6o4t6/production/5b11a2916959e9c7310042a5067e7bf1b0e90416-4252x4252.
Level 104,level-104-300x300,300×300 mm,Level,Ceramic,Matt,Floor,,floor-300x300,YES,VISIBLE,https://cdn.sanity.io/images/3jv6o4t6/production/e278014d638ca64836fdb3d11fd9ad5be41bd580-497x497.jp
Level 107,level-107-300x300,300×300 mm,Level,Ceramic,Matt,Floor,,floor-300x300,YES,VISIBLE,https://cdn.sanity.io/images/3jv6o4t6/production/6df45ab40238e2f7e5e420a04cc9e3fdbc8a7bc4-497x497.jp
Level Dark,level-dark-300x300,300×300 mm,Level,Ceramic,Matt,Floor,,floor-300x300,YES,VISIBLE,https://cdn.sanity.io/images/3jv6o4t6/production/b6fa7be99f610f424761ad4acc7453165458fa8f-4252x4252.
Level Light,level-light-300x300,300×300 mm,Level,Ceramic,Matt,Floor,,floor-300x300,YES,VISIBLE,https://cdn.sanity.io/images/3jv6o4t6/production/08bd5ba57b500bf87be761c151a4efa6f89434e9-4252x4252.
Liberal,liberal-300x300,300×300 mm,Liberal,Ceramic,Matt,Floor,,floor-300x300,YES,VISIBLE,https://cdn.sanity.io/images/3jv6o4t6/production/c2aaf0509eb1651e9b9debb6c62b6eb2055b8513-4252x4252.
Liberal 104,liberal-104-300x300,300×300 mm,Liberal,Ceramic,Matt,Floor,,floor-300x300,YES,VISIBLE,https://cdn.sanity.io/images/3jv6o4t6/production/fc90b2dd9ddbb7ceeeaac3bd4e4b489be60bd736-497x497.jp
Ligen Db ,ligen-db-300x300,300×300 mm,Ligen Db,Ceramic,Matt,Floor,,floor-300x300,YES,VISIBLE,https://cdn.sanity.io/images/3jv6o4t6/production/b35f76a3d71cc77c32c0f93b01d8f0c2fc7d497b-4945x4945.
Mad Grey,mad-grey-300x300,300×300 mm,Mad Grey,Ceramic,Matt,Floor,,floor-300x300,YES,VISIBLE,https://cdn.sanity.io/images/3jv6o4t6/production/6dfb32965d59dbfad8665be9abc01c676e32d97d-497x497.jp
Magadh,magadh-300x300,300×300 mm,Magadh,Ceramic,Matt,Floor,,floor-300x300,YES,VISIBLE,https://cdn.sanity.io/images/3jv6o4t6/production/603d6275bbbff4c8d2b065fefc084e4c89d67791-4945x4945.
Maze Dark,maze-dark-300x300,300×300 mm,Maze,Ceramic,Matt,Floor,,floor-300x300,YES,VISIBLE,https://cdn.sanity.io/images/3jv6o4t6/production/585c608eab1e2103f3055d35f6c65cb231f43985-498x497.jp
Milky Bianco,milky-bianco-300x300,300×300 mm,Milky Bianco,Ceramic,Matt,Floor,,floor-300x300,YES,VISIBLE,https://cdn.sanity.io/images/3jv6o4t6/production/dd73bf9e950bfea64a941bcc65c05fbcd69b115b-498x497.jp
Mirag,mirag-300x300,300×300 mm,Mirag,Ceramic,Matt,Floor,,floor-300x300,YES,VISIBLE,https://cdn.sanity.io/images/3jv6o4t6/production/0d9e9d5410caee36c2c16e05e08f335e3e76beb2-4945x4945.
Mosic,mosic-300x300,300×300 mm,Mosic,Ceramic,Matt,Floor,,floor-300x300,YES,VISIBLE,https://cdn.sanity.io/images/3jv6o4t6/production/8f89b61071983e8e514d028b3118a43405df9435-4945x4945.
Neo Remote,neo-remote-300x300,300×300 mm,Neo Remote,Ceramic,Matt,Floor,,floor-300x300,YES,VISIBLE,https://cdn.sanity.io/images/3jv6o4t6/production/6d53b9ada246bf18e2145b64f9a51e8f2320b00a-4252x4252.
Noble Black Floor,noble-black-300x300,300×300 mm,Noble Black,Ceramic,Matt,Floor,,floor-300x300,YES,VISIBLE,https://cdn.sanity.io/images/3jv6o4t6/production/feb99fe9c74a335a4e650def92e036360707e290-4945x4945.
Noble White,noble-white-300x300,300×300 mm,Noble White,Ceramic,Matt,Floor,,floor-300x300,YES,VISIBLE,https://cdn.sanity.io/images/3jv6o4t6/production/88d1fe0565667d8458317ce5d6f7ebdadae7d83d-4945x4945.
Ocean,ocean-300x300,300×300 mm,Ocean,Ceramic,Matt,Floor,,floor-300x300,YES,VISIBLE,https://cdn.sanity.io/images/3jv6o4t6/production/8f6d296819c0f0303a484bdae7496fbdd1bd833c-4945x4945.
Oceanic Blue Dark Floor,oceanic-blue-dark-300x300,300×300 mm,Oceanic Blue,Ceramic,Matt,Floor,,floor-300x300,YES,VISIBLE,https://cdn.sanity.io/images/3jv6o4t6/production/8f6d296819c0f0303a484bdae7496fbdd1bd833c-4945x4945.
Orient,orient-300x300,300×300 mm,Orient,Ceramic,Matt,Floor,,floor-300x300,YES,VISIBLE,https://cdn.sanity.io/images/3jv6o4t6/production/403fe36e7f7943d69586c64b4de293d8ad80cf1c-4252x4252.
Orient 108,orient-108-300x300,300×300 mm,Orient,Ceramic,Matt,Floor,,floor-300x300,YES,VISIBLE,https://cdn.sanity.io/images/3jv6o4t6/production/9acbd3a0560539a95d27d51c4b5b66b986b905bf-497x497.jp
Parcle Dark,parcle-dark-300x300,300×300 mm,Parcle,Ceramic,Matt,Floor,,floor-300x300,YES,VISIBLE,https://cdn.sanity.io/images/3jv6o4t6/production/b06c2b614f3d660a8befcf9982666af2eb5b3123-4252x4252.
Parcle Light,parcle-light-300x300,300×300 mm,Parcle,Ceramic,Matt,Floor,,floor-300x300,YES,VISIBLE,https://cdn.sanity.io/images/3jv6o4t6/production/090a4dcc5cc264176902400ee5dbce8bb4f29cf1-4252x4252.
Persona,persona-300x300,300×300 mm,Persona,Ceramic,Matt,Floor,,floor-300x300,YES,VISIBLE,https://cdn.sanity.io/images/3jv6o4t6/production/cb13d0aba6ee9c007ebce2f780db28769383e304-4252x4252.
Pitch 505,pitch-505-300x300,300×300 mm,Pitch,Ceramic,Matt,Floor,,floor-300x300,YES,VISIBLE,https://cdn.sanity.io/images/3jv6o4t6/production/7e1313366182394bc315f1fda12d88f11db05269-497x497.jp
Pitch 506,pitch-506-300x300,300×300 mm,Pitch,Ceramic,Matt,Floor,,floor-300x300,YES,VISIBLE,https://cdn.sanity.io/images/3jv6o4t6/production/ece711a984e23ca73841a960f138af8e107c3c4b-497x497.jp
Pitch 511,pitch-511-300x300,300×300 mm,Pitch,Ceramic,Matt,Floor,,floor-300x300,YES,VISIBLE,https://cdn.sanity.io/images/3jv6o4t6/production/6fb2da739c843f1fad3955aeb6a286e9f2040347-497x497.jp
Pitch Dark,pitch-dark-300x300,300×300 mm,Pitch,Ceramic,Matt,Floor,,floor-300x300,YES,VISIBLE,https://cdn.sanity.io/images/3jv6o4t6/production/2d069b91799a191e705b77af2df1198beb14b993-4252x4252.
Pitch Light,pitch-light-300x300,300×300 mm,Pitch,Ceramic,Matt,Floor,,floor-300x300,YES,VISIBLE,https://cdn.sanity.io/images/3jv6o4t6/production/84aa612bf7b588a604ec44c853fff2d998284dab-4252x4252.
Pitch Brown,pitch-brown-300x300,300×300 mm,Pitch Brown,Ceramic,Matt,Floor,,floor-300x300,YES,VISIBLE,https://cdn.sanity.io/images/3jv6o4t6/production/6c442cb9a636688c573b3cf50ffec7f218d2bb93-4252x4252.
Pristine Grey,pristine-grey-300x300,300×300 mm,Pristine Grey,Ceramic,Matt,Floor,,floor-300x300,YES,VISIBLE,https://cdn.sanity.io/images/3jv6o4t6/production/762f040de54914364a164a5c18bbbb4e350721e8-4945x4945.
Purpul Dark,purpul-dark-300x300,300×300 mm,Purpul,Ceramic,Matt,Floor,,floor-300x300,YES,VISIBLE,https://cdn.sanity.io/images/3jv6o4t6/production/c7efceec9667b96129a55574f3ae631644d5721d-4945x4945.
Puzzle,puzzle-300x300,300×300 mm,Puzzle,Ceramic,Matt,Floor,,floor-300x300,YES,VISIBLE,https://cdn.sanity.io/images/3jv6o4t6/production/2ce0678cbb468f409bbf6951fbfcf8f5f44a0566-4252x4252.
Puzzle 107,puzzle-107-300x300,300×300 mm,Puzzle,Ceramic,Matt,Floor,,floor-300x300,YES,VISIBLE,https://cdn.sanity.io/images/3jv6o4t6/production/0709d82f07733eab6babaaa010854374d963de5e-497x497.jp
Puzzle Dark,puzzle-dark-300x300,300×300 mm,Puzzle,Ceramic,Matt,Floor,,floor-300x300,YES,VISIBLE,https://cdn.sanity.io/images/3jv6o4t6/production/8fbc232671cfa08499d9e86dd23d582ffb41c67f-497x497.jp
Remote 106,remote-106-300x300,300×300 mm,Remote,Ceramic,Matt,Floor,,floor-300x300,YES,VISIBLE,https://cdn.sanity.io/images/3jv6o4t6/production/bfa4aa562d1ace61a88f956f656fc0fd0e3987d8-497x497.jp
Remote 617,remote-617-300x300,300×300 mm,Remote,Ceramic,Matt,Floor,,floor-300x300,YES,VISIBLE,https://cdn.sanity.io/images/3jv6o4t6/production/30ff35b618f97535281eba788763ca141fa5101e-497x497.jp
Remote Dark,remote-dark-300x300,300×300 mm,Remote,Ceramic,Matt,Floor,,floor-300x300,YES,VISIBLE,https://cdn.sanity.io/images/3jv6o4t6/production/9c6a9e2cde59e2558e66ef4f95e7e2e02ee926ae-4252x4252.
Remote Light,remote-light-300x300,300×300 mm,Remote,Ceramic,Matt,Floor,,floor-300x300,YES,VISIBLE,https://cdn.sanity.io/images/3jv6o4t6/production/a495720963df4cc77b5f7aee7cc6cc377efbd736-4252x4252.
Remote 105 Light,remote-105-light-300x300,300×300 mm,Remote 105,Ceramic,Matt,Floor,,floor-300x300,YES,VISIBLE,https://cdn.sanity.io/images/3jv6o4t6/production/d8ce885218ce2d6f864d5f945dfd32b6be732f52-497x497.jp
Richmond Db ,richmond-db-300x300,300×300 mm,Richmond Db,Ceramic,Matt,Floor,,floor-300x300,YES,VISIBLE,https://cdn.sanity.io/images/3jv6o4t6/production/48cff19ef0b482225dd828ed17f8037155f6fa92-4945x4945.
Rocher Pink Light Floor,rocher-pink-light-300x300,300×300 mm,Rocher Pink,Ceramic,Matt,Floor,,floor-300x300,YES,VISIBLE,https://cdn.sanity.io/images/3jv6o4t6/production/ff59a8637e6c4c90641dabbf6954c2f027ff0090-4913x4913.
Ruby,ruby-300x300,300×300 mm,Ruby,Ceramic,Matt,Floor,,floor-300x300,YES,VISIBLE,https://cdn.sanity.io/images/3jv6o4t6/production/10b0c4d6216f36330c65e8db97ca32087dd80334-4252x4252.
Sandy Mint,sandy-mint-300x300,300×300 mm,Sandy Mint,Ceramic,Matt,Floor,,floor-300x300,YES,VISIBLE,https://cdn.sanity.io/images/3jv6o4t6/production/f9cebe8050dd00ccfbe009fcc1d657cacbbd9183-498x497.jp
Serene,serene-300x300,300×300 mm,Serene,Ceramic,Matt,Floor,,floor-300x300,YES,VISIBLE,https://cdn.sanity.io/images/3jv6o4t6/production/d07951acf6482a52bdfeb07651e5426464edee3c-498x497.jp
Shangrila-Dark,shangrila-dark-300x300,300×300 mm,Shangrila-Dark,Ceramic,Matt,Floor,,floor-300x300,YES,VISIBLE,https://cdn.sanity.io/images/3jv6o4t6/production/8cfaf5e531c80900fa23baf9432bc38591b6d910-4913x4913.
Silken Malena,silken-malena-300x300,300×300 mm,Silken Malena,Ceramic,Matt,Floor,,floor-300x300,YES,VISIBLE,https://cdn.sanity.io/images/3jv6o4t6/production/106eed9fff43261eceb76b187c5660be6e66e088-4913x4913.
Soapstone Dark Floor,soapstone-dark-300x300,300×300 mm,Soapstone,Ceramic,Matt,Floor,,floor-300x300,YES,VISIBLE,https://cdn.sanity.io/images/3jv6o4t6/production/335f5d8720fa88f9cb89ae7234879b079f0d4ad1-4945x4945.
Swan,swan-300x300,300×300 mm,Swan,Ceramic,Matt,Floor,,floor-300x300,YES,VISIBLE,https://cdn.sanity.io/images/3jv6o4t6/production/67abcfe2a319f8641b4777d41af86ae52f132053-4913x4913.
Travertino Dark,travertino-dark-300x300,300×300 mm,Travertino,Ceramic,Matt,Floor,,floor-300x300,YES,VISIBLE,https://cdn.sanity.io/images/3jv6o4t6/production/c89283ac7d13a7a734239d5007f96337246ed92c-4945x4945.
Ultramarine,ultramarine-300x300,300×300 mm,Ultramarine,Ceramic,Matt,Floor,,floor-300x300,YES,VISIBLE,https://cdn.sanity.io/images/3jv6o4t6/production/b14ea03c00c5500f4515b2784561a7a04ed7d03a-497x497.jp
Vase,vase-300x300,300×300 mm,Vase,Ceramic,Matt,Floor,,floor-300x300,YES,VISIBLE,https://cdn.sanity.io/images/3jv6o4t6/production/3f348fa14328f2b96bb649d82b51cc53cf083f3d-4945x4945.
Vista,vista-300x300,300×300 mm,Vista,Ceramic,Matt,Floor,,floor-300x300,YES,VISIBLE,https://cdn.sanity.io/images/3jv6o4t6/production/d11432a7ab1cb88da0ec6539a758f9bdce76c179-4252x4252.
Woody Dark,woody-dark-300x300,300×300 mm,Woody,Ceramic,Matt,Floor,,floor-300x300,YES,VISIBLE,https://cdn.sanity.io/images/3jv6o4t6/production/344e7defeb0110817364f6974afb6a510f76d996-497x497.jp
Alcazar Dark,alcazar-dark,300×450 mm,Alcazar,Ceramic,Glossy,Wall,,wall-300x450,YES,VISIBLE,https://cdn.sanity.io/images/3jv6o4t6/production/2dee4622d66298b4dca5067a8ec76d51ed2b874d-4913x4913.
Alcazar HL,alcazar-hl,300×450 mm,Alcazar,Ceramic,Glossy,Wall,,wall-300x450,YES,VISIBLE,https://cdn.sanity.io/images/3jv6o4t6/production/629a2e2d2e02db26f2c95cecee8e2b5ad2b3e800-7307x4913.
Alcazar Light,alcazar-light,300×450 mm,Alcazar,Ceramic,Glossy,Wall,,wall-300x450,YES,VISIBLE,https://cdn.sanity.io/images/3jv6o4t6/production/ece54e3734fb1bfadd452fa2b0c193134666ff82-7307x4913.
Alderation Dark,alderation-dark,300×450 mm,Alderation,Ceramic,Glossy,Wall,,wall-300x450,NO,HIDDEN,
Alderation HL,alderation-hl,300×450 mm,Alderation,Ceramic,Glossy,Wall,,wall-300x450,NO,HIDDEN,
Alderation Light,alderation-light,300×450 mm,Alderation,Ceramic,Glossy,Wall,,wall-300x450,NO,HIDDEN,
Atlantica Dark,atlantica-dark,300×450 mm,Atlantica,Ceramic,Glossy,Wall,,wall-300x450,NO,HIDDEN,
Atlantica HL 01,atlantica-hl-01,300×450 mm,Atlantica,Ceramic,Glossy,Wall,,wall-300x450,NO,HIDDEN,
Atlantica HL 02,atlantica-hl-02,300×450 mm,Atlantica,Ceramic,Glossy,Wall,,wall-300x450,NO,HIDDEN,
Atlantica Light,atlantica-light,300×450 mm,Atlantica,Ceramic,Glossy,Wall,,wall-300x450,NO,HIDDEN,
Blossom Dark,blossom-dark,300×450 mm,Blossom,Ceramic,Glossy,Wall,,wall-300x450,NO,HIDDEN,
Blossom HL,blossom-hl,300×450 mm,Blossom,Ceramic,Glossy,Wall,,wall-300x450,NO,HIDDEN,
Blossom Light,blossom-light,300×450 mm,Blossom,Ceramic,Glossy,Wall,,wall-300x450,NO,HIDDEN,
Blue Mist Dark,blue-mist-dark,300×450 mm,Blue Mist,Ceramic,Glossy,Wall,,wall-300x450,NO,HIDDEN,
Blue Mist HL,blue-mist-hl,300×450 mm,Blue Mist,Ceramic,Glossy,Wall,,wall-300x450,NO,HIDDEN,
Blue Mist Light,blue-mist-light,300×450 mm,Blue Mist,Ceramic,Glossy,Wall,,wall-300x450,NO,HIDDEN,
Botany Dark,botany-dark,300×450 mm,Botany,Ceramic,Glossy,Wall,,wall-300x450,NO,HIDDEN,
Botany HL,botany-hl,300×450 mm,Botany,Ceramic,Glossy,Wall,,wall-300x450,NO,HIDDEN,
Botany Light,botany-light,300×450 mm,Botany,Ceramic,Glossy,Wall,,wall-300x450,NO,HIDDEN,
Calendula Venezia Dark,calendula-venezia-dark,300×450 mm,Calendula Venezia,Ceramic,Glossy,Wall,,wall-300x450,YES,VISIBLE,https://cdn.sanity.io/images/3jv6o4t6/production/d3b5919ace4f2ce9944c9f6763105fa1fd66584d-4913x4913.
Calendula Venezia HL 01,calendula-venezia-hl-01,300×450 mm,Calendula Venezia,Ceramic,Glossy,Wall,,wall-300x450,YES,VISIBLE,https://cdn.sanity.io/images/3jv6o4t6/production/ae9ff3459cd8e97964c5f9c079bbe611b2f59fc3-7307x4913.
Calendula Venezia HL 02,calendula-venezia-hl-02,300×450 mm,Calendula Venezia,Ceramic,Glossy,Wall,,wall-300x450,YES,VISIBLE,https://cdn.sanity.io/images/3jv6o4t6/production/7d32280d013b47fd6e262abb2b320164bf4dc660-7307x4913.
Calendula Venezia Light,calendula-venezia-light,300×450 mm,Calendula Venezia,Ceramic,Glossy,Wall,,wall-300x450,YES,VISIBLE,https://cdn.sanity.io/images/3jv6o4t6/production/5ade9cf1298c8d2c40fe33cc3556a2abc41cc010-7307x4913.
Centro Dark,centro-dark,300×450 mm,Centro,Ceramic,Glossy,Wall,,wall-300x450,NO,HIDDEN,
Centro HL,centro-hl,300×450 mm,Centro,Ceramic,Glossy,Wall,,wall-300x450,NO,HIDDEN,
Centro Light,centro-light,300×450 mm,Centro,Ceramic,Glossy,Wall,,wall-300x450,NO,HIDDEN,
Centro Matt Dark,centro-matt-dark,300×450 mm,Centro Matt,Ceramic,Matt,Wall,,wall-300x450,NO,HIDDEN,
Centro Matt HL,centro-matt-hl,300×450 mm,Centro Matt,Ceramic,Matt,Wall,,wall-300x450,NO,HIDDEN,
Centro Matt Light,centro-matt-light,300×450 mm,Centro Matt,Ceramic,Matt,Wall,,wall-300x450,NO,HIDDEN,
Collage Dark,collage-dark,300×450 mm,Collage,Ceramic,Glossy,Wall,,wall-300x450,NO,HIDDEN,
Collage HL,collage-hl,300×450 mm,Collage,Ceramic,Glossy,Wall,,wall-300x450,NO,HIDDEN,
Collage Light,collage-light,300×450 mm,Collage,Ceramic,Glossy,Wall,,wall-300x450,NO,HIDDEN,
Cubixa Dark,cubixa-dark,300×450 mm,Cubixa,Ceramic,Glossy,Wall,,wall-300x450,NO,HIDDEN,
Cubixa HL,cubixa-hl,300×450 mm,Cubixa,Ceramic,Glossy,Wall,,wall-300x450,NO,HIDDEN,
Cubixa Light,cubixa-light,300×450 mm,Cubixa,Ceramic,Glossy,Wall,,wall-300x450,NO,HIDDEN,
Daltrix Dark,daltrix-dark,300×450 mm,Daltrix,Ceramic,Glossy,Wall,,wall-300x450,NO,HIDDEN,
Daltrix HL,daltrix-hl,300×450 mm,Daltrix,Ceramic,Glossy,Wall,,wall-300x450,NO,HIDDEN,
Daltrix Light,daltrix-light,300×450 mm,Daltrix,Ceramic,Glossy,Wall,,wall-300x450,NO,HIDDEN,
Dark Ivory,dark-ivory,300×450 mm,Dark Ivory,Ceramic,Glossy,Wall,,wall-300x450,YES,VISIBLE,https://cdn.sanity.io/images/3jv6o4t6/production/1e84bd7a1c02b8630422e32970709f7eb00a82c3-7307x4913.
Durben Dark,durben-dark,300×450 mm,Durben,Ceramic,Glossy,Wall,,wall-300x450,NO,HIDDEN,
Durben HL,durben-hl,300×450 mm,Durben,Ceramic,Glossy,Wall,,wall-300x450,NO,HIDDEN,
Durben Light,durben-light,300×450 mm,Durben,Ceramic,Glossy,Wall,,wall-300x450,NO,HIDDEN,
Brown Line,brown-line,300×450 mm,Elevation,Ceramic,Matt,Elevation,,wall-300x450,YES,VISIBLE,https://cdn.sanity.io/images/3jv6o4t6/production/0768daf656d495f695bd033dfcce02cc3758675f-745x497.jp
Caliber Beige,caliber-beige,300×450 mm,Elevation,Ceramic,Matt,Elevation,,wall-300x450,YES,VISIBLE,https://cdn.sanity.io/images/3jv6o4t6/production/fa62037687078108bcc174cbd892c0db3251d151-7307x4913.
Caliber Gris,caliber-gris,300×450 mm,Elevation,Ceramic,Matt,Elevation,,wall-300x450,YES,VISIBLE,https://cdn.sanity.io/images/3jv6o4t6/production/c0c00bfc6aa1ca5181d1f42e033d0aa9d1d99c1e-6378x4252.
Caliber Stone,caliber-stone,300×450 mm,Elevation,Ceramic,Matt,Elevation,,wall-300x450,YES,VISIBLE,https://cdn.sanity.io/images/3jv6o4t6/production/02294e6d004d7a176b8635349b2926621472f577-7307x4913.
Crown,crown,300×450 mm,Elevation,Ceramic,Matt,Elevation,,wall-300x450,YES,VISIBLE,https://cdn.sanity.io/images/3jv6o4t6/production/4c4bce0ea4c10c2f89c705df240e0433e53d8229-6378x4252.
Elenaz Blue,elenaz-blue,300×450 mm,Elevation,Ceramic,Matt,Elevation,,wall-300x450,NO,HIDDEN,
Elenaz Multi,elenaz-multi,300×450 mm,Elevation,Ceramic,Matt,Elevation,,wall-300x450,NO,HIDDEN,
Elenaz Teak,elenaz-teak,300×450 mm,Elevation,Ceramic,Matt,Elevation,,wall-300x450,NO,HIDDEN,
Grey Line,grey-line,300×450 mm,Elevation,Ceramic,Matt,Elevation,,wall-300x450,YES,VISIBLE,https://cdn.sanity.io/images/3jv6o4t6/production/65e199f7d84d490f274aa8ef8827c63b770fb3ad-745x497.jp
Haze,haze,300×450 mm,Elevation,Ceramic,Matt,Elevation,,wall-300x450,YES,VISIBLE,https://cdn.sanity.io/images/3jv6o4t6/production/87ad59b03d7571503a8bb766eda23cdafd6f8170-6378x4252.
Haze Gris,haze-gris,300×450 mm,Elevation,Ceramic,Matt,Elevation,,wall-300x450,YES,VISIBLE,https://cdn.sanity.io/images/3jv6o4t6/production/da0583697d4b6fe29e7829baf63d1dc29692c34a-745x497.jp
Rugged Brick,rugged-brick,300×450 mm,Elevation,Ceramic,Matt,Elevation,,wall-300x450,YES,VISIBLE,https://cdn.sanity.io/images/3jv6o4t6/production/bb46f479b7bd7682853b6ba87f3cb64961227c7a-745x497.jp
Sleek Break,sleek-break,300×450 mm,Elevation,Ceramic,Matt,Elevation,,wall-300x450,YES,VISIBLE,https://cdn.sanity.io/images/3jv6o4t6/production/cc05510f122e248099800aca1f5509e95b691fd9-745x497.jp
Star Mosaic,star-mosaic,300×450 mm,Elevation,Ceramic,Matt,Elevation,,wall-300x450,YES,VISIBLE,https://cdn.sanity.io/images/3jv6o4t6/production/5fde9a80e386d2059009ba51948dc37b7463b747-7307x4913.
Unser Cold,unser-cold,300×450 mm,Elevation,Ceramic,Matt,Elevation,,wall-300x450,NO,HIDDEN,
Unser Dark,unser-dark,300×450 mm,Elevation,Ceramic,Matt,Elevation,,wall-300x450,NO,HIDDEN,
Unser Multi,unser-multi,300×450 mm,Elevation,Ceramic,Matt,Elevation,,wall-300x450,NO,HIDDEN,
Fade Grey Dark,fade-grey-dark,300×450 mm,Fade Grey,Ceramic,Glossy,Wall,,wall-300x450,NO,HIDDEN,
Fade Grey HL,fade-grey-hl,300×450 mm,Fade Grey,Ceramic,Glossy,Wall,,wall-300x450,NO,HIDDEN,
Fade Grey Light,fade-grey-light,300×450 mm,Fade Grey,Ceramic,Glossy,Wall,,wall-300x450,NO,HIDDEN,
Fade Grey Matt Dark,fade-grey-matt-dark,300×450 mm,Fade Grey Matt,Ceramic,Matt,Wall,,wall-300x450,NO,HIDDEN,
Fade Grey Matt HL,fade-grey-matt-hl,300×450 mm,Fade Grey Matt,Ceramic,Matt,Wall,,wall-300x450,NO,HIDDEN,
Fade Grey Matt Light,fade-grey-matt-light,300×450 mm,Fade Grey Matt,Ceramic,Matt,Wall,,wall-300x450,NO,HIDDEN,
Fern Dark,fern-dark,300×450 mm,Fern,Ceramic,Glossy,Wall,,wall-300x450,NO,HIDDEN,
Fern HL,fern-hl,300×450 mm,Fern,Ceramic,Glossy,Wall,,wall-300x450,NO,HIDDEN,
Fern Light,fern-light,300×450 mm,Fern,Ceramic,Glossy,Wall,,wall-300x450,NO,HIDDEN,
Fern Matt Dark,fern-matt-dark,300×450 mm,Fern Matt,Ceramic,Matt,Wall,,wall-300x450,NO,HIDDEN,
Fern Matt HL,fern-matt-hl,300×450 mm,Fern Matt,Ceramic,Matt,Wall,,wall-300x450,NO,HIDDEN,
Fern Matt Light,fern-matt-light,300×450 mm,Fern Matt,Ceramic,Matt,Wall,,wall-300x450,NO,HIDDEN,
Florida Dark,florida-dark,300×450 mm,Florida,Ceramic,Glossy,Wall,,wall-300x450,YES,VISIBLE,https://cdn.sanity.io/images/3jv6o4t6/production/7324673717cd01a1ac5e625e47cce7602ca9af17-5315x3544.
Florida HL,florida-hl,300×450 mm,Florida,Ceramic,Glossy,Wall,,wall-300x450,YES,VISIBLE,https://cdn.sanity.io/images/3jv6o4t6/production/53c3666517503f3fb4959fb614b2ab7118e52da1-5315x3544.
Florida Light,florida-light,300×450 mm,Florida,Ceramic,Glossy,Wall,,wall-300x450,YES,VISIBLE,https://cdn.sanity.io/images/3jv6o4t6/production/55d7172a5ff91f1c8606a173648338eeccd55cf1-5315x3544.
Flowery Dark,flowery-dark,300×450 mm,Flowery,Ceramic,Matt,Wall,,wall-300x450,NO,HIDDEN,
Flowery HL 01,flowery-hl-01,300×450 mm,Flowery,Ceramic,Matt,Wall,,wall-300x450,NO,HIDDEN,
Flowery HL 02,flowery-hl-02,300×450 mm,Flowery,Ceramic,Matt,Wall,,wall-300x450,NO,HIDDEN,
Flowery Light,flowery-light,300×450 mm,Flowery,Ceramic,Matt,Wall,,wall-300x450,NO,HIDDEN,
Fusion Dark,fusion-dark,300×450 mm,Fusion,Ceramic,Matt,Wall,,wall-300x450,NO,HIDDEN,
Fusion HL,fusion-hl,300×450 mm,Fusion,Ceramic,Matt,Wall,,wall-300x450,NO,HIDDEN,
Fusion Light,fusion-light,300×450 mm,Fusion,Ceramic,Matt,Wall,,wall-300x450,NO,HIDDEN,
Gabba Dark,gabba-dark,300×450 mm,Gabba,Ceramic,Glossy,Wall,,wall-300x450,NO,HIDDEN,
Gabba HL,gabba-hl,300×450 mm,Gabba,Ceramic,Glossy,Wall,,wall-300x450,NO,HIDDEN,
Gabba Light,gabba-light,300×450 mm,Gabba,Ceramic,Glossy,Wall,,wall-300x450,NO,HIDDEN,
Gem Crema Dark,gem-crema-dark,300×450 mm,Gem Crema,Ceramic,Glossy,Wall,,wall-300x450,NO,HIDDEN,
Gem Crema HL,gem-crema-hl,300×450 mm,Gem Crema,Ceramic,Glossy,Wall,,wall-300x450,NO,HIDDEN,
Gem Crema Light,gem-crema-light,300×450 mm,Gem Crema,Ceramic,Glossy,Wall,,wall-300x450,NO,HIDDEN,
Gem Wood Dark,gem-wood-dark,300×450 mm,Gem Wood,Ceramic,Glossy,Wall,,wall-300x450,NO,HIDDEN,
Gem Wood HL,gem-wood-hl,300×450 mm,Gem Wood,Ceramic,Glossy,Wall,,wall-300x450,NO,HIDDEN,
Gem Wood Light,gem-wood-light,300×450 mm,Gem Wood,Ceramic,Glossy,Wall,,wall-300x450,NO,HIDDEN,
Graffit Dark,graffit-dark,300×450 mm,Graffit,Ceramic,Glossy,Wall,,wall-300x450,NO,HIDDEN,
Graffit HL,graffit-hl,300×450 mm,Graffit,Ceramic,Glossy,Wall,,wall-300x450,NO,HIDDEN,
Graffit Light,graffit-light,300×450 mm,Graffit,Ceramic,Glossy,Wall,,wall-300x450,NO,HIDDEN,
Ivy Dark,ivy-dark,300×450 mm,Ivy,Ceramic,Glossy,Wall,,wall-300x450,NO,HIDDEN,
Ivy HL,ivy-hl,300×450 mm,Ivy,Ceramic,Glossy,Wall,,wall-300x450,NO,HIDDEN,
Ivy Light,ivy-light,300×450 mm,Ivy,Ceramic,Glossy,Wall,,wall-300x450,NO,HIDDEN,
Jewel Dark,jewel-dark,300×450 mm,Jewel,Ceramic,Glossy,Wall,,wall-300x450,NO,HIDDEN,
Jewel HL,jewel-hl,300×450 mm,Jewel,Ceramic,Glossy,Wall,,wall-300x450,NO,HIDDEN,
Jewel Light,jewel-light,300×450 mm,Jewel,Ceramic,Glossy,Wall,,wall-300x450,NO,HIDDEN,
Jewel Matt Dark,jewel-matt-dark,300×450 mm,Jewel Matt,Ceramic,Matt,Wall,,wall-300x450,NO,HIDDEN,
Jewel Matt HL,jewel-matt-hl,300×450 mm,Jewel Matt,Ceramic,Matt,Wall,,wall-300x450,NO,HIDDEN,
Jewel Matt Light,jewel-matt-light,300×450 mm,Jewel Matt,Ceramic,Matt,Wall,,wall-300x450,NO,HIDDEN,
Kettle Dark,kettle-dark,300×450 mm,Kettle,Ceramic,Glossy,Wall,,wall-300x450,YES,VISIBLE,https://cdn.sanity.io/images/3jv6o4t6/production/114924a847fae7295449dc189a4b75e2da28daf3-6378x4252.
Kettle HL 01,kettle-hl-01,300×450 mm,Kettle,Ceramic,Glossy,Wall,,wall-300x450,YES,VISIBLE,https://cdn.sanity.io/images/3jv6o4t6/production/ebfbfd7d434f1f932b364d2dd29b85ba9a3a7efd-6378x4252.
Kettle HL 02,kettle-hl-02,300×450 mm,Kettle,Ceramic,Glossy,Wall,,wall-300x450,YES,VISIBLE,https://cdn.sanity.io/images/3jv6o4t6/production/b6c866bc8f4d38743285c58defe83dc371c5a9cf-6378x4252.
Kettle Light,kettle-light,300×450 mm,Kettle,Ceramic,Glossy,Wall,,wall-300x450,YES,VISIBLE,https://cdn.sanity.io/images/3jv6o4t6/production/7c24dd310958acd48cfb146279a5bb8fa826ad10-6378x4252.
Kyoto Dark,kyoto-dark,300×450 mm,Kyoto,Ceramic,Matt,Wall,,wall-300x450,NO,HIDDEN,
Kyoto HL,kyoto-hl,300×450 mm,Kyoto,Ceramic,Matt,Wall,,wall-300x450,NO,HIDDEN,
Kyoto Light,kyoto-light,300×450 mm,Kyoto,Ceramic,Matt,Wall,,wall-300x450,NO,HIDDEN,
Liam Dark,liam-dark,300×450 mm,Liam,Ceramic,Glossy,Wall,,wall-300x450,NO,HIDDEN,
Liam HL,liam-hl,300×450 mm,Liam,Ceramic,Glossy,Wall,,wall-300x450,NO,HIDDEN,
Liam Light,liam-light,300×450 mm,Liam,Ceramic,Glossy,Wall,,wall-300x450,NO,HIDDEN,
Ligen Dark,ligen-dark,300×450 mm,Ligen,Ceramic,Glossy,Wall,,wall-300x450,YES,VISIBLE,https://cdn.sanity.io/images/3jv6o4t6/production/087160dbf4efea85fea476299f9f9b6875a5d3fb-6378x4252.
Ligen HL,ligen-hl,300×450 mm,Ligen,Ceramic,Glossy,Wall,,wall-300x450,YES,VISIBLE,https://cdn.sanity.io/images/3jv6o4t6/production/d0f36ce398aac31b8bc419482fb8416da679b2d3-6378x4253.
Ligen Light,ligen-light,300×450 mm,Ligen,Ceramic,Glossy,Wall,,wall-300x450,YES,VISIBLE,https://cdn.sanity.io/images/3jv6o4t6/production/2eaaed39ef103b9f19a0cc16e8251f104d9070f9-6378x4252.
Light Ivory,light-ivory,300×450 mm,Light Ivory,Ceramic,Glossy,Wall,,wall-300x450,YES,VISIBLE,https://cdn.sanity.io/images/3jv6o4t6/production/647f950ffe00c00455631e7671515f3aee31b5eb-7307x4913.
Mirage Dark,mirage-dark,300×450 mm,Mirage,Ceramic,Glossy,Wall,,wall-300x450,YES,VISIBLE,https://cdn.sanity.io/images/3jv6o4t6/production/83f0cd947ec63a9607d3f436ba13dd61b1d58f50-6391x4252.
Mirage HL,mirage-hl,300×450 mm,Mirage,Ceramic,Glossy,Wall,,wall-300x450,YES,VISIBLE,https://cdn.sanity.io/images/3jv6o4t6/production/7db5e3607b4d8bc3875505b5c67c736a3c8f1082-6391x4252.
Mirage Light,mirage-light,300×450 mm,Mirage,Ceramic,Glossy,Wall,,wall-300x450,YES,VISIBLE,https://cdn.sanity.io/images/3jv6o4t6/production/01937b76bdaa5cbf4d2bb0d371732fab7451f7e0-6391x4252.
Mosaic Dark,mosaic-dark,300×450 mm,Mosaic,Ceramic,Glossy,Wall,,wall-300x450,YES,VISIBLE,https://cdn.sanity.io/images/3jv6o4t6/production/7abfcc0f5f0eb6a8e5f66219a4e15a2aa1a286ac-5315x3544.
Mosaic HL,mosaic-hl,300×450 mm,Mosaic,Ceramic,Glossy,Wall,,wall-300x450,YES,VISIBLE,https://cdn.sanity.io/images/3jv6o4t6/production/45e91d6fb5fb2bed01f83b22f29001ca51e05930-5315x3543.
Mosaic Light,mosaic-light,300×450 mm,Mosaic,Ceramic,Glossy,Wall,,wall-300x450,YES,VISIBLE,https://cdn.sanity.io/images/3jv6o4t6/production/355967417431ed52e439a9155704652822fdeb6d-5315x3543.
Mosaic Dolphin Dark,mosaic-dolphin-dark,300×450 mm,Mosaic Dolphin,Ceramic,Glossy,Wall,,wall-300x450,NO,HIDDEN,
Mosaic Dolphin HL 01,mosaic-dolphin-hl-01,300×450 mm,Mosaic Dolphin,Ceramic,Glossy,Wall,,wall-300x450,NO,HIDDEN,
Mosaic Dolphin HL 02,mosaic-dolphin-hl-02,300×450 mm,Mosaic Dolphin,Ceramic,Glossy,Wall,,wall-300x450,NO,HIDDEN,
Mosaic Dolphin Light,mosaic-dolphin-light,300×450 mm,Mosaic Dolphin,Ceramic,Glossy,Wall,,wall-300x450,NO,HIDDEN,
Ocean Dark,ocean-dark,300×450 mm,Ocean,Ceramic,Glossy,Wall,,wall-300x450,YES,VISIBLE,https://cdn.sanity.io/images/3jv6o4t6/production/4a6c18604286224d9e10012cbf9b93c5cd54647d-6378x4252.
Ocean HL 01,ocean-hl-01,300×450 mm,Ocean,Ceramic,Glossy,Wall,,wall-300x450,YES,VISIBLE,https://cdn.sanity.io/images/3jv6o4t6/production/f9e11260376cb2032255505152a2832700ddd5b7-6378x4252.
Ocean HL 02,ocean-hl-02,300×450 mm,Ocean,Ceramic,Glossy,Wall,,wall-300x450,YES,VISIBLE,https://cdn.sanity.io/images/3jv6o4t6/production/5c22f2528fbd51f42e4df5226cc10c7f2cc35e8c-6378x4252.
Ocean Light,ocean-light,300×450 mm,Ocean,Ceramic,Glossy,Wall,,wall-300x450,YES,VISIBLE,https://cdn.sanity.io/images/3jv6o4t6/production/7442e4a1799a1b23c6ecc730e06710097032e05b-6378x4252.
Orson Dark,orson-dark,300×450 mm,Orson,Ceramic,Glossy,Wall,,wall-300x450,NO,HIDDEN,
Orson HL,orson-hl,300×450 mm,Orson,Ceramic,Glossy,Wall,,wall-300x450,NO,HIDDEN,
Orson Light,orson-light,300×450 mm,Orson,Ceramic,Glossy,Wall,,wall-300x450,NO,HIDDEN,
Oyster Dark,oyster-dark,300×450 mm,Oyster,Ceramic,Glossy,Wall,,wall-300x450,NO,HIDDEN,
Oyster HL,oyster-hl,300×450 mm,Oyster,Ceramic,Glossy,Wall,,wall-300x450,NO,HIDDEN,
Oyster Light,oyster-light,300×450 mm,Oyster,Ceramic,Glossy,Wall,,wall-300x450,NO,HIDDEN,
Plain White,plain-white,300×450 mm,Plain White,Ceramic,Glossy,Wall,,wall-300x450,YES,VISIBLE,https://cdn.sanity.io/images/3jv6o4t6/production/293f0af8f66c9bca9b70fe6aff69a73f77e0996e-7307x4913.
Pristine Grey Dark,pristine-grey-dark,300×450 mm,Pristine Grey,Ceramic,Glossy,Wall,,wall-300x450,YES,VISIBLE,https://cdn.sanity.io/images/3jv6o4t6/production/e3e54cb96a92ecd6bf8adef8f89679d8e8992443-5315x3544.
Pristine Grey HL,pristine-grey-hl,300×450 mm,Pristine Grey,Ceramic,Glossy,Wall,,wall-300x450,YES,VISIBLE,https://cdn.sanity.io/images/3jv6o4t6/production/7b93065ad2df8580f1a5a23b7595c8d087ec8491-5315x3543.
Pristine Grey Light,pristine-grey-light,300×450 mm,Pristine Grey,Ceramic,Glossy,Wall,,wall-300x450,YES,VISIBLE,https://cdn.sanity.io/images/3jv6o4t6/production/2e3482290ec32e5e7e10e9bc3b5e8c8f987c313a-5315x3543.
Purple Dark,purple-dark,300×450 mm,Purple,Ceramic,Glossy,Wall,,wall-300x450,YES,VISIBLE,https://cdn.sanity.io/images/3jv6o4t6/production/ee01397aeff51854f40874b657392ad17a1468c4-6378x4249.
Purple HL,purple-hl,300×450 mm,Purple,Ceramic,Glossy,Wall,,wall-300x450,YES,VISIBLE,https://cdn.sanity.io/images/3jv6o4t6/production/84effa0b8e4c53fbe64d2b2fc7406bbbd7878ef6-6378x4216.
Purple Light,purple-light,300×450 mm,Purple,Ceramic,Glossy,Wall,,wall-300x450,YES,VISIBLE,https://cdn.sanity.io/images/3jv6o4t6/production/f51ef683896293e56209de05161565975a815421-6378x4267.
Purple Mist Dark,purple-mist-dark,300×450 mm,Purple Mist,Ceramic,Glossy,Wall,,wall-300x450,NO,HIDDEN,
Purple Mist HL,purple-mist-hl,300×450 mm,Purple Mist,Ceramic,Glossy,Wall,,wall-300x450,NO,HIDDEN,
Purple Mist Light,purple-mist-light,300×450 mm,Purple Mist,Ceramic,Glossy,Wall,,wall-300x450,NO,HIDDEN,
Rachel Dark,rachel-dark,300×450 mm,Rachel,Ceramic,Glossy,Wall,,wall-300x450,NO,HIDDEN,
Rachel HL,rachel-hl,300×450 mm,Rachel,Ceramic,Glossy,Wall,,wall-300x450,NO,HIDDEN,
Rachel Light,rachel-light,300×450 mm,Rachel,Ceramic,Glossy,Wall,,wall-300x450,NO,HIDDEN,
Richmond Dark,richmond-dark,300×450 mm,Richmond,Ceramic,Glossy,Wall,,wall-300x450,YES,VISIBLE,https://cdn.sanity.io/images/3jv6o4t6/production/dc45256cdf94aaad0885c3a3981cdae7cd4800dc-5315x3544.
Richmond HL 01,richmond-hl-01,300×450 mm,Richmond,Ceramic,Glossy,Wall,,wall-300x450,YES,VISIBLE,https://cdn.sanity.io/images/3jv6o4t6/production/ad74f10bd9c8fb796109c971e9c53957e3d93ec0-5310x3544.
Richmond HL 02,richmond-hl-02,300×450 mm,Richmond,Ceramic,Glossy,Wall,,wall-300x450,YES,VISIBLE,https://cdn.sanity.io/images/3jv6o4t6/production/2bc0bf38ae99185a428e5b584528f84572ec4396-5315x3544.
Richmond Light,richmond-light,300×450 mm,Richmond,Ceramic,Glossy,Wall,,wall-300x450,YES,VISIBLE,https://cdn.sanity.io/images/3jv6o4t6/production/e64204713d5ac1446e114f1982468e58850d5c8a-5310x3544.
Ritz Dark,ritz-dark,300×450 mm,Ritz,Ceramic,Glossy,Wall,,wall-300x450,NO,HIDDEN,
Ritz HL,ritz-hl,300×450 mm,Ritz,Ceramic,Glossy,Wall,,wall-300x450,NO,HIDDEN,
Ritz Light,ritz-light,300×450 mm,Ritz,Ceramic,Glossy,Wall,,wall-300x450,NO,HIDDEN,
Rocher Pink Dark,rocher-pink-dark,300×450 mm,Rocher Pink,Ceramic,Glossy,Wall,,wall-300x450,NO,HIDDEN,
Rocher Pink HL 01,rocher-pink-hl-01,300×450 mm,Rocher Pink,Ceramic,Glossy,Wall,,wall-300x450,NO,HIDDEN,
Rocher Pink HL 02,rocher-pink-hl-02,300×450 mm,Rocher Pink,Ceramic,Glossy,Wall,,wall-300x450,NO,HIDDEN,
Rocher Pink Light,rocher-pink-light,300×450 mm,Rocher Pink,Ceramic,Glossy,Wall,,wall-300x450,NO,HIDDEN,
Rover Dark,rover-dark,300×450 mm,Rover,Ceramic,Glossy,Wall,,wall-300x450,NO,HIDDEN,
Rover HL,rover-hl,300×450 mm,Rover,Ceramic,Glossy,Wall,,wall-300x450,NO,HIDDEN,
Rover Light,rover-light,300×450 mm,Rover,Ceramic,Glossy,Wall,,wall-300x450,NO,HIDDEN,
Satin White,satin-white,300×450 mm,Satin White,Ceramic,Matt,Wall,,wall-300x450,NO,HIDDEN,
Satuario,satuario,300×450 mm,Satuario,Ceramic,Glossy,Wall,,wall-300x450,NO,HIDDEN,
Savoy Dark,savoy-dark,300×450 mm,Savoy,Ceramic,Glossy,Wall,,wall-300x450,NO,HIDDEN,
Savoy HL,savoy-hl,300×450 mm,Savoy,Ceramic,Glossy,Wall,,wall-300x450,NO,HIDDEN,
Savoy Light,savoy-light,300×450 mm,Savoy,Ceramic,Glossy,Wall,,wall-300x450,NO,HIDDEN,
Shangrila Dark,shangrila-dark,300×450 mm,Shangrila,Ceramic,Glossy,Wall,,wall-300x450,YES,VISIBLE,https://cdn.sanity.io/images/3jv6o4t6/production/8cfaf5e531c80900fa23baf9432bc38591b6d910-4913x4913.
Shangrila HL,shangrila-hl,300×450 mm,Shangrila,Ceramic,Glossy,Wall,,wall-300x450,YES,VISIBLE,https://cdn.sanity.io/images/3jv6o4t6/production/23c2a10effaa9969c33a5bb26dece709eef41c64-7307x4913.
Shangrila Light,shangrila-light,300×450 mm,Shangrila,Ceramic,Glossy,Wall,,wall-300x450,YES,VISIBLE,https://cdn.sanity.io/images/3jv6o4t6/production/320d729366488235a392619978af4c203d753cc6-7307x4913.
Silken Malena Dark,silken-malena-dark,300×450 mm,Silken Malena,Ceramic,Glossy,Wall,,wall-300x450,YES,VISIBLE,https://cdn.sanity.io/images/3jv6o4t6/production/106eed9fff43261eceb76b187c5660be6e66e088-4913x4913.
Silken Malena HL 01,silken-malena-hl-01,300×450 mm,Silken Malena,Ceramic,Glossy,Wall,,wall-300x450,YES,VISIBLE,https://cdn.sanity.io/images/3jv6o4t6/production/4b5248174a81d7956863a0ea20038698cf89142a-7307x4913.
Silken Malena HL 02,silken-malena-hl-02,300×450 mm,Silken Malena,Ceramic,Glossy,Wall,,wall-300x450,YES,VISIBLE,https://cdn.sanity.io/images/3jv6o4t6/production/e1fc35cb56bde9bb541d85814096f406fa22a65d-7307x4913.
Silken Malena Light,silken-malena-light,300×450 mm,Silken Malena,Ceramic,Glossy,Wall,,wall-300x450,YES,VISIBLE,https://cdn.sanity.io/images/3jv6o4t6/production/f28393c363b20225e11744b4a02a3abef6482cf7-7307x4913.
Swan Dark,swan-dark,300×450 mm,Swan,Ceramic,Glossy,Wall,,wall-300x450,NO,HIDDEN,
Swan HL 01,swan-hl-01,300×450 mm,Swan,Ceramic,Glossy,Wall,,wall-300x450,NO,HIDDEN,
Swan HL 02,swan-hl-02,300×450 mm,Swan,Ceramic,Glossy,Wall,,wall-300x450,NO,HIDDEN,
Swan Light,swan-light,300×450 mm,Swan,Ceramic,Glossy,Wall,,wall-300x450,NO,HIDDEN,
Sweden Dark,sweden-dark,300×450 mm,Sweden,Ceramic,Glossy,Wall,,wall-300x450,NO,HIDDEN,
Sweden HL,sweden-hl,300×450 mm,Sweden,Ceramic,Glossy,Wall,,wall-300x450,NO,HIDDEN,
Sweden Light,sweden-light,300×450 mm,Sweden,Ceramic,Glossy,Wall,,wall-300x450,NO,HIDDEN,
Teramo Creme Dark,teramo-creme-dark,300×450 mm,Teramo Creme,Ceramic,Glossy,Wall,,wall-300x450,NO,HIDDEN,
Teramo Creme HL,teramo-creme-hl,300×450 mm,Teramo Creme,Ceramic,Glossy,Wall,,wall-300x450,NO,HIDDEN,
Teramo Creme Light,teramo-creme-light,300×450 mm,Teramo Creme,Ceramic,Glossy,Wall,,wall-300x450,NO,HIDDEN,
Teramo Creme Matt Dark,teramo-creme-matt-dark,300×450 mm,Teramo Creme Matt,Ceramic,Matt,Wall,,wall-300x450,NO,HIDDEN,
Teramo Creme Matt HL,teramo-creme-matt-hl,300×450 mm,Teramo Creme Matt,Ceramic,Matt,Wall,,wall-300x450,NO,HIDDEN,
Teramo Creme Matt Light,teramo-creme-matt-light,300×450 mm,Teramo Creme Matt,Ceramic,Matt,Wall,,wall-300x450,NO,HIDDEN,
Trevertino Dark,trevertino-dark,300×450 mm,Trevertino,Ceramic,Glossy,Wall,,wall-300x450,YES,VISIBLE,https://cdn.sanity.io/images/3jv6o4t6/production/210ba6ff5ba308886a9dc97d5323931874727db8-6378x4252.
Trevertino HL,trevertino-hl,300×450 mm,Trevertino,Ceramic,Glossy,Wall,,wall-300x450,YES,VISIBLE,https://cdn.sanity.io/images/3jv6o4t6/production/19be138963e9266f6a259a7d07e812adad64734e-6378x4240.
Trevertino Light,trevertino-light,300×450 mm,Trevertino,Ceramic,Glossy,Wall,,wall-300x450,YES,VISIBLE,https://cdn.sanity.io/images/3jv6o4t6/production/e59e9867610a3c6984b297034772b67f914ac369-6378x4265.
Triangle Dark,triangle-dark,300×450 mm,Triangle,Ceramic,Glossy,Wall,,wall-300x450,NO,HIDDEN,
Triangle HL,triangle-hl,300×450 mm,Triangle,Ceramic,Glossy,Wall,,wall-300x450,NO,HIDDEN,
Triangle Light,triangle-light,300×450 mm,Triangle,Ceramic,Glossy,Wall,,wall-300x450,NO,HIDDEN,
Vantel Dark,vantel-dark,300×450 mm,Vantel,Ceramic,Glossy,Wall,,wall-300x450,NO,HIDDEN,
Vantel HL,vantel-hl,300×450 mm,Vantel,Ceramic,Glossy,Wall,,wall-300x450,NO,HIDDEN,
Vantel Light,vantel-light,300×450 mm,Vantel,Ceramic,Glossy,Wall,,wall-300x450,NO,HIDDEN,
Vase Dark,vase-dark,300×450 mm,Vase,Ceramic,Glossy,Wall,,wall-300x450,YES,VISIBLE,https://cdn.sanity.io/images/3jv6o4t6/production/bfd8ecd44e3499c1d89bab994f06428920392af4-6378x4252.
Vase HL,vase-hl,300×450 mm,Vase,Ceramic,Glossy,Wall,,wall-300x450,YES,VISIBLE,https://cdn.sanity.io/images/3jv6o4t6/production/385fff6e17867d94b379a4d22c10e7cef426e202-6378x4252.
Vase Light,vase-light,300×450 mm,Vase,Ceramic,Glossy,Wall,,wall-300x450,YES,VISIBLE,https://cdn.sanity.io/images/3jv6o4t6/production/9562c6c2176afa78688627578681651498d3288a-6378x4252.
Angel Dark,angel-dark,300×600 mm,Classic,Ceramic,Glossy,Wall,,wall-300x600,YES,VISIBLE,https://cdn.sanity.io/images/3jv6o4t6/production/8dce72a51d254a4f1560b542919f74d1a891498b-9732x4913.
Angel HL,angel-hl,300×600 mm,Classic,Ceramic,Glossy,Wall,,wall-300x600,YES,VISIBLE,https://cdn.sanity.io/images/3jv6o4t6/production/7b09965420acbc34f085aa5bed0730bbe782091c-9732x4913.
Angel Light,angel-light,300×600 mm,Classic,Ceramic,Glossy,Wall,,wall-300x600,YES,VISIBLE,https://cdn.sanity.io/images/3jv6o4t6/production/1b330801bad1ed3c17d1f055c121b25784e557c3-9732x4913.
Arvita Base,arvita-base,300×600 mm,Classic,Ceramic,Glossy,Wall,,wall-300x600,YES,VISIBLE,https://cdn.sanity.io/images/3jv6o4t6/production/c6d558f2ca1367d84bf3651d5290a6e8c3cf7349-9732x4913.
Arvita HL,arvita-hl,300×600 mm,Classic,Ceramic,Glossy,Wall,,wall-300x600,YES,VISIBLE,https://cdn.sanity.io/images/3jv6o4t6/production/5313e2a88d9fefc5f0b82c1a3e2165bcc7cae32e-9732x4913.
Avila Grey Dark,avila-grey-dark,300×600 mm,Classic,Ceramic,Glossy,Wall,,wall-300x600,YES,VISIBLE,https://cdn.sanity.io/images/3jv6o4t6/production/a027c9138d4725657b8257c938eaa9a4712cf137-9732x4913.
Avila Grey HL,avila-grey-hl,300×600 mm,Classic,Ceramic,Glossy,Wall,,wall-300x600,YES,VISIBLE,https://cdn.sanity.io/images/3jv6o4t6/production/ff0ebb4dab0d160bfcb04c49516c02b774f77c9c-9732x4929.
Avila Grey Light,avila-grey-light,300×600 mm,Classic,Ceramic,Glossy,Wall,,wall-300x600,YES,VISIBLE,https://cdn.sanity.io/images/3jv6o4t6/production/1ec74d0daa901889e3bbccd0f68bcaef50f577b8-9732x4913.
Blare Mint Dark,blare-mint-dark,300×600 mm,Classic,Ceramic,Glossy,Wall,,wall-300x600,YES,VISIBLE,https://cdn.sanity.io/images/3jv6o4t6/production/c190df59fd2a4c18143e9d4c8744399dbdfc0825-9732x4913.
Blare Mint Decor,blare-mint-decor,300×600 mm,Classic,Ceramic,Glossy,Wall & Floor,,wall-300x600,YES,VISIBLE,https://cdn.sanity.io/images/3jv6o4t6/production/f789a99655f19d2558ed9393b4ee3b4c19004356-9732x4913.
Blare Mint Light,blare-mint-light,300×600 mm,Classic,Ceramic,Glossy,Wall,,wall-300x600,YES,VISIBLE,https://cdn.sanity.io/images/3jv6o4t6/production/8ff4b7a894087d9aa4340771025d066fc3465d1d-9732x4913.
Chakol Satutario Base,chakol-satutario-base,300×600 mm,Classic,Ceramic,Glossy,Wall,,wall-300x600,YES,VISIBLE,https://cdn.sanity.io/images/3jv6o4t6/production/42ec65358e3d882339875c8ec6da500be1650dd7-9732x4913.
Chakol Satutario HL,chakol-satutario-hl,300×600 mm,Classic,Ceramic,Glossy,Wall,,wall-300x600,YES,VISIBLE,https://cdn.sanity.io/images/3jv6o4t6/production/f96710e14e657bb1465c807b60cacb2803e07d8f-9732x4913.
Classy Beige Dark,classy-beige-dark,300×600 mm,Classic,Ceramic,Glossy,Wall,,wall-300x600,YES,VISIBLE,https://cdn.sanity.io/images/3jv6o4t6/production/996cf31e25657e8f5aa3ad5b7deea6ad9e2ff322-9732x4913.
Classy Beige HL,classy-beige-hl,300×600 mm,Classic,Ceramic,Glossy,Wall,,wall-300x600,YES,VISIBLE,https://cdn.sanity.io/images/3jv6o4t6/production/c8c3c84bb4172fd0b69d0d261d9a7aff44394aba-9732x4913.
Classy Beige Light,classy-beige-light,300×600 mm,Classic,Ceramic,Glossy,Wall,,wall-300x600,YES,VISIBLE,https://cdn.sanity.io/images/3jv6o4t6/production/f7ac6a227ff56492237dd59fd0d634a8d28eeab1-9732x4913.
Crust Grey Dark,crust-grey-dark,300×600 mm,Classic,Ceramic,Glossy,Wall,,wall-300x600,YES,VISIBLE,https://cdn.sanity.io/images/3jv6o4t6/production/e1ea2fdb42524d5d4e67bed738a667620d6e432b-9732x4913.
Crust Grey HL,crust-grey-hl,300×600 mm,Classic,Ceramic,Glossy,Wall,,wall-300x600,YES,VISIBLE,https://cdn.sanity.io/images/3jv6o4t6/production/f8bb1f0d335517bfffb5da613fd0b579c8eea662-9732x4913.
Crust Grey Light,crust-grey-light,300×600 mm,Classic,Ceramic,Glossy,Wall,,wall-300x600,YES,VISIBLE,https://cdn.sanity.io/images/3jv6o4t6/production/5873f81776468a69027c2ac7629d80ed1dab23ac-9732x4913.
Dazzle HL,dazzle-hl,300×600 mm,Classic,Ceramic,Glossy,Wall,,wall-300x600,YES,VISIBLE,https://cdn.sanity.io/images/3jv6o4t6/production/d8dc06d34df4ae03096ad11f7a79f213b4542483-9732x4913.
Dazzle Light,dazzle-light,300×600 mm,Classic,Ceramic,Glossy,Wall,,wall-300x600,YES,VISIBLE,https://cdn.sanity.io/images/3jv6o4t6/production/9181a2d19d33361fa29a6f2385544898bfdb6930-9732x4913.
Desert Marble Dark,desert-marble-dark,300×600 mm,Classic,Ceramic,Glossy,Wall,,wall-300x600,YES,VISIBLE,https://cdn.sanity.io/images/3jv6o4t6/production/82cb938a1c428ab6fe7d17e89e2ab88c419b7fe6-9732x4913.
Desert Marble HL,desert-marble-hl,300×600 mm,Classic,Ceramic,Glossy,Wall,,wall-300x600,YES,VISIBLE,https://cdn.sanity.io/images/3jv6o4t6/production/9d281986a7bd1e07033c258c31bce57b420dd97e-9732x4913.
Desert Marble Light,desert-marble-light,300×600 mm,Classic,Ceramic,Glossy,Wall,,wall-300x600,YES,VISIBLE,https://cdn.sanity.io/images/3jv6o4t6/production/4f71f7875aff72d4953b8da20f05993c8a4b2c5f-9732x4913.
Destiny Dark,destiny-dark,300×600 mm,Classic,Ceramic,Glossy,Wall,,wall-300x600,YES,VISIBLE,https://cdn.sanity.io/images/3jv6o4t6/production/98af8337ad6646356c5c76f7196c0bc53ccda544-9732x4913.
Destiny Decor,destiny-decor,300×600 mm,Classic,Ceramic,Glossy,Wall & Floor,,wall-300x600,YES,VISIBLE,https://cdn.sanity.io/images/3jv6o4t6/production/b6c3169403d1fac5eb0bb56b0084d75e1b4a09a6-9732x4913.
Destiny Light,destiny-light,300×600 mm,Classic,Ceramic,Glossy,Wall,,wall-300x600,YES,VISIBLE,https://cdn.sanity.io/images/3jv6o4t6/production/95870398898f172502667826ba84f083cff1363c-9732x4913.
Dove HL01,dove-hl01,300×600 mm,Classic,Ceramic,Glossy,Wall,,wall-300x600,YES,VISIBLE,https://cdn.sanity.io/images/3jv6o4t6/production/a794f032beb9f558a3856024243325bcacf96c16-9732x4913.
Dove HL02,dove-hl02,300×600 mm,Classic,Ceramic,Glossy,Wall,,wall-300x600,YES,VISIBLE,https://cdn.sanity.io/images/3jv6o4t6/production/5da43b25d8532eecccd19a093e836859a457d99d-9732x4913.
Dove HL03,dove-hl03,300×600 mm,Classic,Ceramic,Glossy,Wall,,wall-300x600,YES,VISIBLE,https://cdn.sanity.io/images/3jv6o4t6/production/88d3de43e80c6dcbf2fae0f9f7ffeee248b61533-9732x4913.
Dove Light,dove-light,300×600 mm,Classic,Ceramic,Glossy,Wall,,wall-300x600,YES,VISIBLE,https://cdn.sanity.io/images/3jv6o4t6/production/39c5ad4aadc0d16d44ca3170bcc444a911f90bbd-9732x4913.
Dusk Grey Dark,dusk-grey-dark,300×600 mm,Classic,Ceramic,Glossy,Wall,,wall-300x600,YES,VISIBLE,https://cdn.sanity.io/images/3jv6o4t6/production/c2c322fe4fbb007dde12ae6c257dbd4f5eb5277d-9732x4913.
Dusk Grey HL,dusk-grey-hl,300×600 mm,Classic,Ceramic,Glossy,Wall,,wall-300x600,YES,VISIBLE,https://cdn.sanity.io/images/3jv6o4t6/production/24278418120faa0e86c54b6fcaaeb57d0661f15a-9732x4913.
Dusk Grey Light,dusk-grey-light,300×600 mm,Classic,Ceramic,Glossy,Wall,,wall-300x600,YES,VISIBLE,https://cdn.sanity.io/images/3jv6o4t6/production/fcc1864298b067a1ce301d8e48c165e275afbfbf-9732x4913.
Dusk Gris Dark,dusk-gris-dark,300×600 mm,Classic,Ceramic,Glossy,Wall,,wall-300x600,YES,VISIBLE,https://cdn.sanity.io/images/3jv6o4t6/production/b87bfa98375835f0a7111801a6139a9c10abbec4-9732x4913.
Dusk Gris Decor,dusk-gris-decor,300×600 mm,Classic,Ceramic,Glossy,Wall & Floor,,wall-300x600,YES,VISIBLE,https://cdn.sanity.io/images/3jv6o4t6/production/41d908174e969fa089293b50c0b27f099f51e1ac-9732x4913.
Dusk Gris Light,dusk-gris-light,300×600 mm,Classic,Ceramic,Glossy,Wall,,wall-300x600,YES,VISIBLE,https://cdn.sanity.io/images/3jv6o4t6/production/912872ac64ca81776ad8f0ca2419fd37f3a0c0f7-9732x4913.
Edmonton Dark,edmonton-dark,300×600 mm,Classic,Ceramic,Glossy,Wall,,wall-300x600,YES,VISIBLE,https://cdn.sanity.io/images/3jv6o4t6/production/6bd51e09023e7d92c97581e38552a542c4c0a594-9732x4913.
Edmonton HL,edmonton-hl,300×600 mm,Classic,Ceramic,Glossy,Wall,,wall-300x600,YES,VISIBLE,https://cdn.sanity.io/images/3jv6o4t6/production/8ab88d83b8bf5aeb64a67c9e76f4441c8749f9cb-9732x4913.
Edmonton Light,edmonton-light,300×600 mm,Classic,Ceramic,Glossy,Wall,,wall-300x600,YES,VISIBLE,https://cdn.sanity.io/images/3jv6o4t6/production/f85308f9edd940e7779f51df278a6047a7759d98-9732x4913.
Faith Dark,faith-dark,300×600 mm,Classic,Ceramic,Glossy,Wall,,wall-300x600,YES,VISIBLE,https://cdn.sanity.io/images/3jv6o4t6/production/d401c094644b54756af5223a893d77426b12114e-9732x4913.
Faith HL1,faith-hl1,300×600 mm,Classic,Ceramic,Glossy,Wall,,wall-300x600,YES,VISIBLE,https://cdn.sanity.io/images/3jv6o4t6/production/368fcc1cfa0412432c3781a42846c80fcbd64578-9732x4913.
Faith HL2,faith-hl2,300×600 mm,Classic,Ceramic,Glossy,Wall,,wall-300x600,YES,VISIBLE,https://cdn.sanity.io/images/3jv6o4t6/production/f4ef26d72501b7d1a1cf31a89fdb361e08d55b60-9732x4913.
Faith Light,faith-light,300×600 mm,Classic,Ceramic,Glossy,Wall,,wall-300x600,YES,VISIBLE,https://cdn.sanity.io/images/3jv6o4t6/production/a9d7a59bc70814a60e1e448cdc8d5b178d196074-9732x4913.
Fantasy Floral Dark,fantasy-floral-dark,300×600 mm,Classic,Ceramic,Glossy,Wall,,wall-300x600,YES,VISIBLE,https://cdn.sanity.io/images/3jv6o4t6/production/465c549512e61e80a94ad79632600db88b32b3c6-9732x4913.
Fantasy Floral HL,fantasy-floral-hl,300×600 mm,Classic,Ceramic,Glossy,Wall,,wall-300x600,YES,VISIBLE,https://cdn.sanity.io/images/3jv6o4t6/production/1d4ab365783193dfa9ab90de1ae8abdf6bf7a828-9732x4913.
Fantasy Floral Light,fantasy-floral-light,300×600 mm,Classic,Ceramic,Glossy,Wall,,wall-300x600,YES,VISIBLE,https://cdn.sanity.io/images/3jv6o4t6/production/7a8e6dfb0d5c7994336eb20dfdefa78515220610-9732x4913.
Florello Dark,florello-dark,300×600 mm,Classic,Ceramic,Glossy,Wall,,wall-300x600,YES,VISIBLE,https://cdn.sanity.io/images/3jv6o4t6/production/dde6cab82ae53ead5d6adc2386d7f071f1dd0af0-9732x4913.
Florello HL,florello-hl,300×600 mm,Classic,Ceramic,Glossy,Wall,,wall-300x600,YES,VISIBLE,https://cdn.sanity.io/images/3jv6o4t6/production/62bca5e75b9379d4de33d488d70a393a90ecae54-9732x4913.
Florello Light,florello-light,300×600 mm,Classic,Ceramic,Glossy,Wall,,wall-300x600,YES,VISIBLE,https://cdn.sanity.io/images/3jv6o4t6/production/a2e023c64f3d30bfc72d2504339ce50bbfefbfb4-9732x4913.
Ford Dark,ford-dark,300×600 mm,Classic,Ceramic,Glossy,Wall,,wall-300x600,YES,VISIBLE,https://cdn.sanity.io/images/3jv6o4t6/production/f94fed9fa2734d2a7901baa08076c3f2aaddf25e-9732x4913.
Ford HL1,ford-hl1,300×600 mm,Classic,Ceramic,Glossy,Wall,,wall-300x600,YES,VISIBLE,https://cdn.sanity.io/images/3jv6o4t6/production/0adc813ba87acee86f897e4b2300dd93085b622f-9732x4913.
Ford HL2,ford-hl2,300×600 mm,Classic,Ceramic,Glossy,Wall,,wall-300x600,YES,VISIBLE,https://cdn.sanity.io/images/3jv6o4t6/production/c73808a0d0838c9cfdaedca7bb1b527d387348a8-9732x4913.
Ford Light,ford-light,300×600 mm,Classic,Ceramic,Glossy,Wall,,wall-300x600,YES,VISIBLE,https://cdn.sanity.io/images/3jv6o4t6/production/7db62d0d5c46fe03b7d5a894915057dfcbc0780b-9732x4913.
Inlay Beige Dark,inlay-beige-dark,300×600 mm,Classic,Ceramic,Glossy,Wall,,wall-300x600,YES,VISIBLE,https://cdn.sanity.io/images/3jv6o4t6/production/c62bd2c52a4eac213c191e299fb675c12a01ba65-9732x4913.
Inlay Beige HL,inlay-beige-hl,300×600 mm,Classic,Ceramic,Glossy,Wall,,wall-300x600,YES,VISIBLE,https://cdn.sanity.io/images/3jv6o4t6/production/faad40426e5fc7b5ed888c4f24fb428dd5ef68c3-9732x4913.
Inlay Beige Light,inlay-beige-light,300×600 mm,Classic,Ceramic,Glossy,Wall,,wall-300x600,YES,VISIBLE,https://cdn.sanity.io/images/3jv6o4t6/production/89ac428e84f59f659f230ab1d5a1499071520422-9732x4913.
Magadh Dark,magadh-dark,300×600 mm,Classic,Ceramic,Glossy,Wall,,wall-300x600,YES,VISIBLE,https://cdn.sanity.io/images/3jv6o4t6/production/ef8ec193a924fe464782753ad8968c47e6b91830-9732x4913.
Magadh HL,magadh-hl,300×600 mm,Classic,Ceramic,Glossy,Wall,,wall-300x600,YES,VISIBLE,https://cdn.sanity.io/images/3jv6o4t6/production/b11af580f167f17ab5d262c465ce61ddede5c225-9732x4913.
Magadh Light,magadh-light,300×600 mm,Classic,Ceramic,Glossy,Wall,,wall-300x600,YES,VISIBLE,https://cdn.sanity.io/images/3jv6o4t6/production/29424fa140f4d6585611bb31790f9456f9d5c298-9732x4913.
Marcon Dark,marcon-dark,300×600 mm,Classic,Ceramic,Glossy,Wall,,wall-300x600,YES,VISIBLE,https://cdn.sanity.io/images/3jv6o4t6/production/3076783e00ab6e854a6b422fa4273a08b82a22bd-9732x4913.
Marcon HL,marcon-hl,300×600 mm,Classic,Ceramic,Glossy,Wall,,wall-300x600,YES,VISIBLE,https://cdn.sanity.io/images/3jv6o4t6/production/07db15357ef0beafbe74ab2652f07705453d9478-9732x4913.
Marcon Light,marcon-light,300×600 mm,Classic,Ceramic,Glossy,Wall,,wall-300x600,YES,VISIBLE,https://cdn.sanity.io/images/3jv6o4t6/production/25326585823ff4d2557f9a95d56400538ef1c1e9-9732x4913.
Noble White Dark,noble-white-dark,300×600 mm,Classic,Ceramic,Glossy,Wall,,wall-300x600,YES,VISIBLE,https://cdn.sanity.io/images/3jv6o4t6/production/e7eb87da46ef19fe4f987d046323f6bb971ad651-9732x4913.
Noble White HL1,noble-white-hl1,300×600 mm,Classic,Ceramic,Glossy,Wall,,wall-300x600,YES,VISIBLE,https://cdn.sanity.io/images/3jv6o4t6/production/e7eb87da46ef19fe4f987d046323f6bb971ad651-9732x4913.
Noble White HL2,noble-white-hl2,300×600 mm,Classic,Ceramic,Glossy,Wall,,wall-300x600,YES,VISIBLE,https://cdn.sanity.io/images/3jv6o4t6/production/e7eb87da46ef19fe4f987d046323f6bb971ad651-9732x4913.
Noble White Light,noble-white-light,300×600 mm,Classic,Ceramic,Glossy,Wall,,wall-300x600,YES,VISIBLE,https://cdn.sanity.io/images/3jv6o4t6/production/e47f4b35e4cfd1a591324c9783f0c166b68da826-9732x4913.
Oceanic Blue Dark,oceanic-blue-dark,300×600 mm,Classic,Ceramic,Glossy,Wall,,wall-300x600,YES,VISIBLE,https://cdn.sanity.io/images/3jv6o4t6/production/6e67581b6764e4b163d14a8c52276ff751cd5506-9732x4913.
Oceanic Blue HL1,oceanic-blue-hl1,300×600 mm,Classic,Ceramic,Glossy,Wall,,wall-300x600,YES,VISIBLE,https://cdn.sanity.io/images/3jv6o4t6/production/40ad234cdf4f28f8cfeb66ae0e729739a7040e85-9732x4913.
Oceanic Blue HL2,oceanic-blue-hl2,300×600 mm,Classic,Ceramic,Glossy,Wall,,wall-300x600,YES,VISIBLE,https://cdn.sanity.io/images/3jv6o4t6/production/d8822261208fe3408a900c109d233296bf671a83-9732x4913.
Oceanic Blue Light,oceanic-blue-light,300×600 mm,Classic,Ceramic,Glossy,Wall,,wall-300x600,YES,VISIBLE,https://cdn.sanity.io/images/3jv6o4t6/production/87ef2f2be833c56a7ad420d8f56b19f52fa43067-9732x4913.
Soapstone Dark,soapstone-dark,300×600 mm,Classic,Ceramic,Glossy,Wall,,wall-300x600,YES,VISIBLE,https://cdn.sanity.io/images/3jv6o4t6/production/dc2076df910eaa70e15aa355b116e746874e6f64-9732x4913.
Soapstone HL,soapstone-hl,300×600 mm,Classic,Ceramic,Glossy,Wall,,wall-300x600,YES,VISIBLE,https://cdn.sanity.io/images/3jv6o4t6/production/b907f1337d0dddbcd70111fde0d5b9d48b692510-9732x4913.
Soapstone Light,soapstone-light,300×600 mm,Classic,Ceramic,Glossy,Wall,,wall-300x600,YES,VISIBLE,https://cdn.sanity.io/images/3jv6o4t6/production/5d2584be603e3a3ce5199d76ddfa439d8dfaac7c-9732x4913.
Trevertino Dark,trevertino-dark,300×600 mm,Classic,Ceramic,Glossy,Wall,,wall-300x600,YES,VISIBLE,https://cdn.sanity.io/images/3jv6o4t6/production/78bb44b034c6d7eed77ea54a280c55d0a49b25b0-9732x4913.
Trevertino Light,trevertino-light,300×600 mm,Classic,Ceramic,Glossy,Wall,,wall-300x600,YES,VISIBLE,https://cdn.sanity.io/images/3jv6o4t6/production/df1a75b65b0f0995171d24eafcc7e31f80b59184-9732x4913.
Dazzle Dark,dazzle-dark,300×600 mm,Dazzle,Ceramic,Glossy,Wall,,wall-300x600,YES,VISIBLE,https://cdn.sanity.io/images/3jv6o4t6/production/d8dc06d34df4ae03096ad11f7a79f213b4542483-9732x4913.
Destiny HL,destiny-hl,300×600 mm,Destiny,Ceramic,Glossy,Wall,,wall-300x600,YES,VISIBLE,https://cdn.sanity.io/images/3jv6o4t6/production/b6c3169403d1fac5eb0bb56b0084d75e1b4a09a6-9732x4913.
Dove Dark,dove-dark,300×600 mm,Dove,Ceramic,Glossy,Wall,,wall-300x600,YES,VISIBLE,https://cdn.sanity.io/images/3jv6o4t6/production/39c5ad4aadc0d16d44ca3170bcc444a911f90bbd-9732x4913.
Dusk Gris HL,dusk-gris-hl,300×600 mm,Dusk Gris,Ceramic,Glossy,Wall,,wall-300x600,YES,VISIBLE,https://cdn.sanity.io/images/3jv6o4t6/production/41d908174e969fa089293b50c0b27f099f51e1ac-9732x4913.
Bhaktapur Biscuit,bhaktapur-biscuit,300×600 mm,Flagstone,Stone Look,Matt,Wall & Floor,Flagstone,spirit-of-nepal,YES,VISIBLE,https://cdn.sanity.io/images/3jv6o4t6/production/745ef05f99aeaefaa5885965eaed4a08e706e0ab-6898x6898.
Bhotekoshi,bhotekoshi,300×600 mm,Flagstone,Stone Look,Matt,Wall & Floor,Flagstone,spirit-of-nepal,YES,VISIBLE,https://cdn.sanity.io/images/3jv6o4t6/production/5671a8c843e3938b28065eef0d345961229d465b-6898x6898.
Cloudy Sindhupal Chowk,cloudy-sindhupal-chowk,300×600 mm,Flagstone,Stone Look,Matt,Wall & Floor,Flagstone,spirit-of-nepal,YES,VISIBLE,https://cdn.sanity.io/images/3jv6o4t6/production/2cecb66b7863bcf5c2f1a29945c7d12d9d1cdd75-6898x6898.
Dusky Bandipur,dusky-bandipur,300×600 mm,Flagstone,Stone Look,Matt,Wall & Floor,Flagstone,spirit-of-nepal,YES,VISIBLE,https://cdn.sanity.io/images/3jv6o4t6/production/29690b833bb09ae0f085a0394bbe1f2ef712a9ca-6898x6898.
Flaky Panauti Slate,flaky-panauti-slate,300×600 mm,Flagstone,Stone Look,Matt,Wall & Floor,Flagstone,spirit-of-nepal,YES,VISIBLE,https://cdn.sanity.io/images/3jv6o4t6/production/45e215b99345df94d856b41959d640cadaf6dcce-6898x6898.
Kavre Slate,kavre-slate,300×600 mm,Flagstone,Stone Look,Matt,Wall & Floor,Flagstone,spirit-of-nepal,YES,VISIBLE,https://cdn.sanity.io/images/3jv6o4t6/production/ff4c399218b29c6bed8df1c27401c163ce119716-6898x6898.
Mithila Art - Buddha,mithila-art-buddha,300×600 mm,Mithila Art,Art,Glossy,Art Panel,Mithila Art,spirit-of-nepal,YES,VISIBLE,https://cdn.sanity.io/images/3jv6o4t6/production/cffa1e6fb6d238719ea6274d3c9546d7e41c8194-1188x2400.
Mithila Art - Chatth Puja,mithila-art-chatth-puja,300×600 mm,Mithila Art,Art,Glossy,Art Panel,Mithila Art,spirit-of-nepal,YES,VISIBLE,https://cdn.sanity.io/images/3jv6o4t6/production/5de0b49361664c4b838b39d7907973e04a2a2051-2400x1800.
Mithila Art - Krishna Basuri,mithila-art-krishna-basuri,300×600 mm,Mithila Art,Art,Glossy,Art Panel,Mithila Art,spirit-of-nepal,YES,VISIBLE,https://cdn.sanity.io/images/3jv6o4t6/production/04e95499a764b19ff830b9806d070d00b28228d8-1600x2400.
Mithila Art - Mayur Prem Lila,mithila-art-mayur-prem-lila,300×600 mm,Mithila Art,Art,Glossy,Art Panel,Mithila Art,spirit-of-nepal,YES,VISIBLE,https://cdn.sanity.io/images/3jv6o4t6/production/abfeea71cd164479b3ffa219b48017891ea79aee-1188x2400.
Mithila Art - Ram Sita Swayamber,mithila-art-ram-sita-swayamber,300×600 mm,Mithila Art,Art,Glossy,Art Panel,Mithila Art,spirit-of-nepal,YES,VISIBLE,https://cdn.sanity.io/images/3jv6o4t6/production/9b5269e6ce7a3587ee5256b0ea00ee0edf7f4377-8533x5804.
Mithila Art - Sita Swayamber,mithila-art-sita-swayamber,300×600 mm,Mithila Art,Art,Glossy,Art Panel,Mithila Art,spirit-of-nepal,YES,VISIBLE,https://cdn.sanity.io/images/3jv6o4t6/production/adf001bc4926da2f2d1a11bb1bd496a04d8788a7-2400x1800.
Aqua Dhaka Dark,aqua-dhaka-dark,300×600 mm,Palpali Dhaka,Cultural Heritage,Glossy,Wall,Palpali Dhaka,spirit-of-nepal,YES,VISIBLE,https://cdn.sanity.io/images/3jv6o4t6/production/b9ee1b1ac2f1d7b723a99f00dd96f3f8a68cc896-9732x4913.
Aqua Dhaka HL,aqua-dhaka-hl,300×600 mm,Palpali Dhaka,Cultural Heritage,Glossy,Wall,Palpali Dhaka,spirit-of-nepal,YES,VISIBLE,https://cdn.sanity.io/images/3jv6o4t6/production/e679f0c61a993ed5f35d991b5f55f7e72fbf94d5-9732x4913.
Aqua Dhaka Light,aqua-dhaka-light,300×600 mm,Palpali Dhaka,Cultural Heritage,Glossy,Wall,Palpali Dhaka,spirit-of-nepal,YES,VISIBLE,https://cdn.sanity.io/images/3jv6o4t6/production/453a80392f70283adb8ab594b115bca19e733f49-9732x4913.
Gurans Dhaka,gurans-dhaka,300×600 mm,Palpali Dhaka,Cultural Heritage,Glossy,Wall,Palpali Dhaka,spirit-of-nepal,YES,VISIBLE,https://cdn.sanity.io/images/3jv6o4t6/production/d97a8c2640e01a474fc7fb9f1e891f0a572f7749-7307x4913.
Gurans Hazy Dhaka Dark,gurans-hazy-dhaka-dark,300×600 mm,Palpali Dhaka,Cultural Heritage,Glossy,Wall,Palpali Dhaka,spirit-of-nepal,YES,VISIBLE,https://cdn.sanity.io/images/3jv6o4t6/production/7f826103847ebba86defab25d7544c66e3aeba88-9732x4913.
Gurans Hazy Dhaka HL,gurans-hazy-dhaka-hl,300×600 mm,Palpali Dhaka,Cultural Heritage,Glossy,Wall,Palpali Dhaka,spirit-of-nepal,YES,VISIBLE,https://cdn.sanity.io/images/3jv6o4t6/production/35e36f11cc07a5ac0242a7cd837b5fdb6ec364f8-2400x1211.
Gurans Hazy Dhaka Light,gurans-hazy-dhaka-light,300×600 mm,Palpali Dhaka,Cultural Heritage,Glossy,Wall,Palpali Dhaka,spirit-of-nepal,YES,VISIBLE,https://cdn.sanity.io/images/3jv6o4t6/production/522d783dfc7de560d1b9f73f45391ee3394f01e1-9732x4913.
Gurans Red Dhaka Dark,gurans-red-dhaka-dark,300×600 mm,Palpali Dhaka,Cultural Heritage,Glossy,Wall,Palpali Dhaka,spirit-of-nepal,YES,VISIBLE,https://cdn.sanity.io/images/3jv6o4t6/production/2f14def4e7fa63fbbcecc75492bdc16ac193167a-9732x4914.
Gurans Red Dhaka HL,gurans-red-dhaka-hl,300×600 mm,Palpali Dhaka,Cultural Heritage,Glossy,Wall,Palpali Dhaka,spirit-of-nepal,YES,VISIBLE,https://cdn.sanity.io/images/3jv6o4t6/production/ef612ca7ee454bdfdf514e8124fa49930b9495b8-9732x4913.
Gurans Red Dhaka Light,gurans-red-dhaka-light,300×600 mm,Palpali Dhaka,Cultural Heritage,Glossy,Wall,Palpali Dhaka,spirit-of-nepal,YES,VISIBLE,https://cdn.sanity.io/images/3jv6o4t6/production/39c0a75fa145be57f56ee21f14b9cdb51329f31c-9732x4913.
Sunaulo Dhaka,sunaulo-dhaka,300×600 mm,Palpali Dhaka,Cultural Heritage,Glossy,Wall,Palpali Dhaka,spirit-of-nepal,YES,VISIBLE,https://cdn.sanity.io/images/3jv6o4t6/production/1e1cca0b11343badd3e2b758cb0a1ff8204d6b96-7307x4913.
Tweed Dhaka Dark,tweed-dhaka-dark,300×600 mm,Palpali Dhaka,Cultural Heritage,Glossy,Wall,Palpali Dhaka,spirit-of-nepal,YES,VISIBLE,https://cdn.sanity.io/images/3jv6o4t6/production/e07d7d4a98654bfb24f3df82c184918b159ef92a-9732x4913.
Tweed Dhaka HL,tweed-dhaka-hl,300×600 mm,Palpali Dhaka,Cultural Heritage,Glossy,Wall,Palpali Dhaka,spirit-of-nepal,YES,VISIBLE,https://cdn.sanity.io/images/3jv6o4t6/production/d56eb51291215d36fc0985f08118e449fa1f9e30-2400x1211.
Tweed Dhaka Light,tweed-dhaka-light,300×600 mm,Palpali Dhaka,Cultural Heritage,Glossy,Wall,Palpali Dhaka,spirit-of-nepal,YES,VISIBLE,https://cdn.sanity.io/images/3jv6o4t6/production/4e7ae50c8337cf27ac4f06e88df8d76300dcd8ae-9732x4913.
Akshobhya Mandala,akshobhya-mandala,300×600 mm,Thangka Art,Art,Glossy,Art Panel,Thangka Art,spirit-of-nepal,YES,VISIBLE,https://cdn.sanity.io/images/3jv6o4t6/production/12b9415fd272da0458a23558d0ef3716c1bbc522-2116x2931.
Bajrapani Thangka,bajrapani-thangka,300×600 mm,Thangka Art,Art,Glossy,Art Panel,Thangka Art,spirit-of-nepal,YES,VISIBLE,https://cdn.sanity.io/images/3jv6o4t6/production/3c22f7ddd643d8bbfad97d8a3ac40956b59e981c-1416x1600.
Chintamani Lokeshwor Thangka,chintamani-lokeshwor-thangka,300×600 mm,Thangka Art,Art,Glossy,Art Panel,Thangka Art,spirit-of-nepal,YES,VISIBLE,https://cdn.sanity.io/images/3jv6o4t6/production/59cb7f92bbe588ae6b159289a9ac3880b1d0c9a4-1014x1600.
Green Tara Thangka,green-tara-thangka,300×600 mm,Thangka Art,Art,Glossy,Art Panel,Thangka Art,spirit-of-nepal,YES,VISIBLE,https://cdn.sanity.io/images/3jv6o4t6/production/b5cd60e821be7dcfa8a72486ce45c842a2817996-1249x1600.
Manjushri Thangka,manjushri-thangka,300×600 mm,Thangka Art,Art,Glossy,Art Panel,Thangka Art,spirit-of-nepal,YES,VISIBLE,https://cdn.sanity.io/images/3jv6o4t6/production/cc6793acf5d82012fc0f2093aea9f8b85cc6b453-1682x2400.
White Tara Thangka,white-tara-thangka,300×600 mm,Thangka Art,Art,Glossy,Art Panel,Thangka Art,spirit-of-nepal,YES,VISIBLE,https://cdn.sanity.io/images/3jv6o4t6/production/5153341c83b8d44821a0b4a3293b654672b63e02-924x1280.j
White,white,300×600 mm,White,Ceramic,Glossy,Wall,,wall-300x600,YES,VISIBLE,https://cdn.sanity.io/images/3jv6o4t6/production/e7eb87da46ef19fe4f987d046323f6bb971ad651-9732x4913.
Cassion Velvet,cassion-velvet,400×400 mm,Classic,Vitrified,Matt,Floor,,vitrified-400x400,YES,VISIBLE,https://cdn.sanity.io/images/3jv6o4t6/production/c94680c8ec0d93d37fef0dc9e8e3db8b0c8e0d42-6898x6898.
Cassion Velvet Grey,cassion-velvet-grey,400×400 mm,Classic,Vitrified,Matt,Floor,,vitrified-400x400,YES,VISIBLE,https://cdn.sanity.io/images/3jv6o4t6/production/83421de61b9a252c7edde2e92a800ee3d0433d37-6898x6898.
Cosmic Beige,cosmic-beige,400×400 mm,Classic,Vitrified,Matt,Floor,,vitrified-400x400,YES,VISIBLE,https://cdn.sanity.io/images/3jv6o4t6/production/ae044af3a555220e4fae3ed6ab3a97c7d34053d3-6898x6898.
Cosmic Brown,cosmic-brown,400×400 mm,Classic,Vitrified,Matt,Floor,,vitrified-400x400,YES,VISIBLE,https://cdn.sanity.io/images/3jv6o4t6/production/ae044af3a555220e4fae3ed6ab3a97c7d34053d3-6898x6898.
Earthen Dark Grey,earthen-dark-grey,400×400 mm,Classic,Vitrified,Matt,Floor,,vitrified-400x400,YES,VISIBLE,https://cdn.sanity.io/images/3jv6o4t6/production/c51e3d73859c935858639c8ba3578f5c76c649d8-6898x6898.
Earthen Light Grey,earthen-light-grey,400×400 mm,Classic,Vitrified,Matt,Floor,,vitrified-400x400,YES,VISIBLE,https://cdn.sanity.io/images/3jv6o4t6/production/40dc8fb928bebf9eeab3382a62ec0cb2b6cdcf8b-6898x6898.
Komo Grid,komo-grid,400×400 mm,Classic,Vitrified,Matt,Floor,,vitrified-400x400,YES,VISIBLE,https://cdn.sanity.io/images/3jv6o4t6/production/6c79a3e24e4084df26ba3c9c04991ab2dcc57f74-6898x6898.
Luxury,luxury,400×400 mm,Classic,Vitrified,Matt,Floor,,vitrified-400x400,YES,VISIBLE,https://cdn.sanity.io/images/3jv6o4t6/production/fbb15980660714cf5ed0d1fc8f23d853e1a5532d-6898x6898.
Rubra Strip,rubra-strip,400×400 mm,Classic,Vitrified,Matt,Floor,,vitrified-400x400,YES,VISIBLE,https://cdn.sanity.io/images/3jv6o4t6/production/d29cd12a8bdcd61963610a8781ee870a02e3f69f-6898x6898.
Venezia Oak,venezia-oak,400×400 mm,Classic,Vitrified,Matt,Floor,,vitrified-400x400,YES,VISIBLE,https://cdn.sanity.io/images/3jv6o4t6/production/120e42048bdec4f4509795eb1001f1dfd59ee887-6898x6898.
VID LA AK10108,vid-la-ak10108,400×400 mm,Decorative,Vitrified,Matt,Floor,,vitrified-400x400,YES,VISIBLE,https://cdn.sanity.io/images/3jv6o4t6/production/bb3131e0512126133e870aaf78a31844da02ba30-6898x6898.
VID LA AK10109,vid-la-ak10109,400×400 mm,Decorative,Vitrified,Matt,Floor,,vitrified-400x400,YES,VISIBLE,https://cdn.sanity.io/images/3jv6o4t6/production/a378c5fc22dc286e1734d6e56a73ea413d678c86-6898x6898.
VID LA AK10115,vid-la-ak10115,400×400 mm,Decorative,Vitrified,Matt,Floor,,vitrified-400x400,YES,VISIBLE,https://cdn.sanity.io/images/3jv6o4t6/production/58ff0613f098b6cf66a560b6060c3120eaa114c5-6898x6898.
VID LA AK10116,vid-la-ak10116,400×400 mm,Decorative,Vitrified,Matt,Floor,,vitrified-400x400,YES,VISIBLE,https://cdn.sanity.io/images/3jv6o4t6/production/58c5fdf40ef22bbfea2020c4e49779aba4915e80-6279x6279.
VID LA AK10116 1,vid-la-ak10116-1,400×400 mm,Decorative,Vitrified,Matt,Floor,,vitrified-400x400,YES,VISIBLE,https://cdn.sanity.io/images/3jv6o4t6/production/ffad912aef06ddede2034e3a9e1b5d771115aede-6279x6279.
Elite Dark,elite-dark,400×400 mm,Elite,Vitrified,Matt,Floor,,vitrified-400x400,YES,VISIBLE,https://cdn.sanity.io/images/3jv6o4t6/production/380476601004b613e938024fa22d556dc2510049-6898x6898.
Elite Light,elite-light,400×400 mm,Elite,Vitrified,Matt,Floor,,vitrified-400x400,YES,VISIBLE,https://cdn.sanity.io/images/3jv6o4t6/production/380476601004b613e938024fa22d556dc2510049-6898x6898.
Epoque Brown,epoque-brown,400×400 mm,Epoque,Vitrified,Matt,Floor,,vitrified-400x400,YES,VISIBLE,https://cdn.sanity.io/images/3jv6o4t6/production/26ec84dd8935ee9e0cd6db35c05052bf1e18a592-6898x6898.
Intex 1009,intex-1009,400×400 mm,Intex,Vitrified,Matt,Floor,,vitrified-400x400,YES,VISIBLE,https://cdn.sanity.io/images/3jv6o4t6/production/64ceed041107fa3a785e1ea5395944f6b09f2040-6898x6898.
Monarch Decore Coated,monarch-decore-coated,400×400 mm,Monarch,Vitrified,Matt,Floor,,vitrified-400x400,YES,VISIBLE,https://cdn.sanity.io/images/3jv6o4t6/production/1110d9c97928160d8d992e1faff267c30dfec31e-6279x6279.
Baltic White,baltic-white,400×400 mm,Outdoor,Patio,Matt,Outdoor,,vitrified-400x400,YES,VISIBLE,https://cdn.sanity.io/images/3jv6o4t6/production/bf707f22887cb2310afc4a9c87d42433c37fee03-4724x4724.
Chroma Blocks 2,chroma-blocks-2,400×400 mm,Outdoor,Patio,Matt,Outdoor,,vitrified-400x400,YES,VISIBLE,https://cdn.sanity.io/images/3jv6o4t6/production/dbf79b1ea69b679132ea98f0aea426f9f1605f63-5680x5669.
Chroma Blocks 3,chroma-blocks-3,400×400 mm,Outdoor,Patio,Matt,Outdoor,,vitrified-400x400,YES,VISIBLE,https://cdn.sanity.io/images/3jv6o4t6/production/af8975eba84234b0b01257308bfc52d4b2bb9fec-5660x5669.
Chroma Blocks A,chroma-blocks-a,400×400 mm,Outdoor,Patio,Matt,Outdoor,,vitrified-400x400,YES,VISIBLE,https://cdn.sanity.io/images/3jv6o4t6/production/238468216122b07227ef253548b6ab0bff12103f-5670x5669.
Citrine Slate,citrine-slate,400×400 mm,Outdoor,Patio,Matt,Outdoor,,vitrified-400x400,YES,VISIBLE,https://cdn.sanity.io/images/3jv6o4t6/production/f94631632e4d99de1d902d660b06c7b697804111-7087x7087.
Citrine Slate HL 01,citrine-slate-hl-01,400×400 mm,Outdoor,Patio,Matt,Outdoor,,vitrified-400x400,YES,VISIBLE,https://cdn.sanity.io/images/3jv6o4t6/production/c0e913d3c353907b513d2e88a7072931c20b28b2-6299x6299.
Mayan Moss,mayan-moss,400×400 mm,Outdoor,Patio,Matt,Outdoor,,vitrified-400x400,YES,VISIBLE,https://cdn.sanity.io/images/3jv6o4t6/production/30f2056644f9db7b078e662ec5361acce852eb09-5250x5228.
Mayan Moss Decor,mayan-moss-decor,400×400 mm,Outdoor,Patio,Matt,Outdoor,,vitrified-400x400,YES,VISIBLE,https://cdn.sanity.io/images/3jv6o4t6/production/9731d80dcfe9687f7897101ba9baeb7e7b3eaa27-5669x5669.
Mosaic Brown DK,mosaic-brown-dk,400×400 mm,Outdoor,Patio,Matt,Outdoor,,vitrified-400x400,YES,VISIBLE,https://cdn.sanity.io/images/3jv6o4t6/production/1dd732fb306bf4522edc1e3ad05013edbc737ed3-7087x7087.
Mosaic Brown LT,mosaic-brown-lt,400×400 mm,Outdoor,Patio,Matt,Outdoor,,vitrified-400x400,YES,VISIBLE,https://cdn.sanity.io/images/3jv6o4t6/production/e1da112dbea5f5b54a08071e9dd799d3f385ba8d-7087x7087.
Mosaic Grey DK,mosaic-grey-dk,400×400 mm,Outdoor,Patio,Matt,Outdoor,,vitrified-400x400,YES,VISIBLE,https://cdn.sanity.io/images/3jv6o4t6/production/d34dc1bd496e4981f49b42d90cc04b0aad0abedd-7165x7165.
Mosaic Grey LT,mosaic-grey-lt,400×400 mm,Outdoor,Patio,Matt,Outdoor,,vitrified-400x400,YES,VISIBLE,https://cdn.sanity.io/images/3jv6o4t6/production/e94cd88b07b3f76d73ca3b8ed7060d17cc015fe7-7087x7087.
Orbit Nero Grey,orbit-nero-grey,400×400 mm,Outdoor,Patio,Matt,Outdoor,,vitrified-400x400,YES,VISIBLE,https://cdn.sanity.io/images/3jv6o4t6/production/e7b2ffa6895be69b1fc03dded13d6980b68b7852-5669x5669.
Sandstone,sandstone,400×400 mm,Outdoor,Patio,Matt,Outdoor,,vitrified-400x400,YES,VISIBLE,https://cdn.sanity.io/images/3jv6o4t6/production/9d962e7b3c8e2202637bb3c5f64f52824456ff30-5670x5722.
Stonelo Brown,stonelo-brown,400×400 mm,Outdoor,Patio,Matt,Outdoor,,vitrified-400x400,YES,VISIBLE,https://cdn.sanity.io/images/3jv6o4t6/production/68e5b530167290438a2bd39ad3904b7ffe1d84b5-6299x6299.
Stonelo Grey,stonelo-grey,400×400 mm,Outdoor,Patio,Matt,Outdoor,,vitrified-400x400,YES,VISIBLE,https://cdn.sanity.io/images/3jv6o4t6/production/c124cad7c93cca53eeffb364147733cd43d36630-6299x6299.
Stonelo Gris,stonelo-gris,400×400 mm,Outdoor,Patio,Matt,Outdoor,,vitrified-400x400,YES,VISIBLE,https://cdn.sanity.io/images/3jv6o4t6/production/42ddbc7bc23ac8109e2faed01a97a8d00f8c0a14-6299x6299.
Stonelo Multi,stonelo-multi,400×400 mm,Outdoor,Patio,Matt,Outdoor,,vitrified-400x400,YES,VISIBLE,https://cdn.sanity.io/images/3jv6o4t6/production/75e22a9a567af8803b742389e072fb3110cf19dc-6299x6299.
Intex Beige,intex-beige,400×400 mm,Parking,Driveway,Matt,Driveway,,vitrified-400x400,YES,VISIBLE,https://cdn.sanity.io/images/3jv6o4t6/production/29d510b5ef5f688c25ec2ffa4da34ba9dbad1618-5669x5669.
Intex Dark Grey,intex-dark-grey,400×400 mm,Parking,Driveway,Matt,Driveway,,vitrified-400x400,YES,VISIBLE,https://cdn.sanity.io/images/3jv6o4t6/production/9c641505493e65e9d24dad38a891fb8ca1c3950a-5669x5669.
Intex Grey,intex-grey,400×400 mm,Parking,Driveway,Matt,Driveway,,vitrified-400x400,YES,VISIBLE,https://cdn.sanity.io/images/3jv6o4t6/production/c375823cc7f9e8931535c02d0a0f3885f02e2989-5669x5669.
Intex Marfil,intex-marfil,400×400 mm,Parking,Driveway,Matt,Driveway,,vitrified-400x400,YES,VISIBLE,https://cdn.sanity.io/images/3jv6o4t6/production/0d4d940570b0c703ce81cceeaf4f4725fa33e85b-5669x5669.
Pedra Cotto,pedra-cotto,400×400 mm,Pedra,Stone Look,Matt,Floor,,vitrified-400x400,YES,VISIBLE,https://cdn.sanity.io/images/3jv6o4t6/production/026af14af807c520653bada1e15a9ebcca167cd3-6898x6898.
Pedra Nero,pedra-nero,400×400 mm,Pedra,Stone Look,Matt,Floor,,vitrified-400x400,YES,VISIBLE,https://cdn.sanity.io/images/3jv6o4t6/production/337ec0c1424dc6957ca4261aba94ecbf54ea56b5-6898x6898.
Plaster Coated,plaster-coated,400×400 mm,Plaster,Vitrified,Matt,Floor,,vitrified-400x400,YES,VISIBLE,https://cdn.sanity.io/images/3jv6o4t6/production/1ac1cc375051af3ba505fb052596277a6394fbcd-6279x6279.
Plaster Coated Decore,plaster-coated-decore,400×400 mm,Plaster,Vitrified,Matt,Floor,,vitrified-400x400,YES,VISIBLE,https://cdn.sanity.io/images/3jv6o4t6/production/cc79ffc4d3989ec39d9f8da1852cad2c36640fe3-6279x6279.
Plaster Fade Grey,plaster-fade-grey,400×400 mm,Plaster,Vitrified,Matt,Floor,,vitrified-400x400,YES,VISIBLE,https://cdn.sanity.io/images/3jv6o4t6/production/afe150776cb3fa699299150565a9ef215b6bed73-6898x6898.
Plaster Fade Grey Decore,plaster-fade-grey-decore,400×400 mm,Plaster,Vitrified,Matt,Floor,,vitrified-400x400,YES,VISIBLE,https://cdn.sanity.io/images/3jv6o4t6/production/b26a6ed1031f5ea92d88bbb3e77ebe26278e90eb-6279x6279.
Zealdotted Brown,zealdotted-brown,400×400 mm,Zealdotted,Vitrified,Matt,Floor,,vitrified-400x400,YES,VISIBLE,https://cdn.sanity.io/images/3jv6o4t6/production/5382622f9fe1871c47ee06c210368dc7ab058675-6915x6916.
Zealdotted Grey,zealdotted-grey,400×400 mm,Zealdotted,Vitrified,Matt,Floor,,vitrified-400x400,YES,VISIBLE,https://cdn.sanity.io/images/3jv6o4t6/production/c2f98156fd9915cdf3b51d5c4436d688afef3d63-6915x6916.
Canterbury Beige,canterbury-beige,600×1200 mm,Carving,Glazed Vitrified,Carving,Floor,,eleganz-600x1200,YES,VISIBLE,https://cdn.sanity.io/images/3jv6o4t6/production/d770915e321fe7ef2ffdcce04cd3196c0567d04a-9448x4724.
Catania,catania,600×1200 mm,Carving,Glazed Vitrified,Carving,Floor,,eleganz-600x1200,YES,VISIBLE,https://cdn.sanity.io/images/3jv6o4t6/production/175f7dc101d98c9d9986b9b874c04848e852b3ee-9449x4724.
Godawari Marble Dotted Crema Viens,godawari-marble-dotted-crema-viens,600×1200 mm,Carving,Glazed Vitrified,Carving,Floor,,eleganz-600x1200,YES,VISIBLE,https://cdn.sanity.io/images/3jv6o4t6/production/b1ac4bcdd8ac3f7dffd7c39e43f84cbbc7fd017d-9449x4725.
Pulpis Brown,pulpis-brown,600×1200 mm,Carving,Glazed Vitrified,Carving,Floor,,eleganz-600x1200,YES,VISIBLE,https://cdn.sanity.io/images/3jv6o4t6/production/107772f531609d315d0f827712260ac7e93b0a4b-9449x4725.
Pulpis Crema,pulpis-crema,600×1200 mm,Carving,Glazed Vitrified,Carving,Floor,,eleganz-600x1200,YES,VISIBLE,https://cdn.sanity.io/images/3jv6o4t6/production/e9f3366437804e3ef4d13847ac54db0b6b504393-9449x4725.
Pulpis Crema Dark Grey,pulpis-crema-dark-grey,600×1200 mm,Carving,Glazed Vitrified,Carving,Floor,,eleganz-600x1200,YES,VISIBLE,https://cdn.sanity.io/images/3jv6o4t6/production/def3a67522d22a5ef9646d95abab46cb1dc0a99a-9449x4724.
Pulpis Grey,pulpis-grey,600×1200 mm,Carving,Glazed Vitrified,Carving,Floor,,eleganz-600x1200,YES,VISIBLE,https://cdn.sanity.io/images/3jv6o4t6/production/ed1771709f159a61d46bbae20da98598b1ad71e1-9449x4724.
Pulpis Light Grey,pulpis-light-grey,600×1200 mm,Carving,Glazed Vitrified,Carving,Floor,,eleganz-600x1200,YES,VISIBLE,https://cdn.sanity.io/images/3jv6o4t6/production/b4302deeea34d1456e069f31dc3bcd4145977650-9449x4725.
Sicilia Taupe,sicilia-taupe,600×1200 mm,Carving,Glazed Vitrified,Carving,Floor,,eleganz-600x1200,YES,VISIBLE,https://cdn.sanity.io/images/3jv6o4t6/production/789f9110b4116b0f58d017033f76ecad4a1ab0f6-9449x4724.
Staturio Phenix,staturio-phenix,600×1200 mm,Carving,Glazed Vitrified,Carving,Floor,,eleganz-600x1200,YES,VISIBLE,https://cdn.sanity.io/images/3jv6o4t6/production/7cd09e9d3e708611a11aa7518b1b41b58a704529-9449x4724.
Terrazzo White,terrazzo-white,600×1200 mm,Carving,Glazed Vitrified,Carving,Floor,,eleganz-600x1200,YES,VISIBLE,https://cdn.sanity.io/images/3jv6o4t6/production/7a0e883f09df1fc1784294762e75ffde3b18c7f1-9449x4725.
Botticino,botticino,600×1200 mm,Glossy,Glazed Vitrified,Glossy,Floor,,eleganz-600x1200,YES,VISIBLE,https://cdn.sanity.io/images/3jv6o4t6/production/a308509030aba05e869e5e70a6393fd11398aa81-3971x2114.
Fantasy Crema,fantasy-crema,600×1200 mm,Glossy,Glazed Vitrified,Glossy,Floor,,eleganz-600x1200,YES,VISIBLE,https://cdn.sanity.io/images/3jv6o4t6/production/284f6f2d89552f4dce24e9261b07d4b7ae65097e-3971x2114.
Fantasy Crema Decor,fantasy-crema-decor,600×1200 mm,Glossy,Glazed Vitrified,Glossy,Wall & Floor,,eleganz-600x1200,YES,VISIBLE,https://cdn.sanity.io/images/3jv6o4t6/production/4cf88fa2b5678ea2599beba4d064633ffa13f279-3971x2114.
Graphite Silver,graphite-silver,600×1200 mm,Glossy,Glazed Vitrified,Glossy,Floor,,eleganz-600x1200,YES,VISIBLE,https://cdn.sanity.io/images/3jv6o4t6/production/dcf69db4a221fb9687bfd6b034fb6d0999670bc2-3971x2114.
Grey Imperial,grey-imperial,600×1200 mm,Glossy,Glazed Vitrified,Glossy,Floor,,eleganz-600x1200,YES,VISIBLE,https://cdn.sanity.io/images/3jv6o4t6/production/b912ed1152b3f85b120d9844a3894f95fbcf1fd6-3971x2114.
Grey William,grey-william,600×1200 mm,Glossy,Glazed Vitrified,Glossy,Floor,,eleganz-600x1200,YES,VISIBLE,https://cdn.sanity.io/images/3jv6o4t6/production/d541c3a022ed7b8ce0405af3b4d300797438e649-3971x2114.
Madison Grey,madison-grey,600×1200 mm,Glossy,Glazed Vitrified,Glossy,Floor,,eleganz-600x1200,YES,VISIBLE,https://cdn.sanity.io/images/3jv6o4t6/production/945d3e77acc8c1adbe7c7f605407cbda184051d7-3971x2114.
Natural Onyx,natural-onyx,600×1200 mm,Glossy,Glazed Vitrified,Glossy,Floor,,eleganz-600x1200,YES,VISIBLE,https://cdn.sanity.io/images/3jv6o4t6/production/4f0afeceb4f5f839e9d266c312925f5720d2dc67-3971x2114.
Rocado,rocado,600×1200 mm,Glossy,Glazed Vitrified,Glossy,Floor,,eleganz-600x1200,YES,VISIBLE,https://cdn.sanity.io/images/3jv6o4t6/production/e40813dec71d47eb43d02cba3d6e20988ae8a63d-3971x2114.
Rocado Decor,rocado-decor,600×1200 mm,Glossy,Glazed Vitrified,Glossy,Wall & Floor,,eleganz-600x1200,YES,VISIBLE,https://cdn.sanity.io/images/3jv6o4t6/production/eb3fc45ffd57d89cf32d934685552c38f7668e33-3971x2114.
Shimmer Onyx,shimmer-onyx,600×1200 mm,Glossy,Glazed Vitrified,Glossy,Floor,,eleganz-600x1200,YES,VISIBLE,https://cdn.sanity.io/images/3jv6o4t6/production/4d1a366ff01732d1e1152bd38fe222720e026e4f-3971x2114.
Silken Gris,silken-gris,600×1200 mm,Glossy,Glazed Vitrified,Glossy,Floor,,eleganz-600x1200,YES,VISIBLE,https://cdn.sanity.io/images/3jv6o4t6/production/ff321fa71a360353d27f80a299fc62eef3571a47-3971x2114.
Silken Gris Décor,silken-gris-de-cor,600×1200 mm,Glossy,Glazed Vitrified,Glossy,Floor,,eleganz-600x1200,YES,VISIBLE,https://cdn.sanity.io/images/3jv6o4t6/production/ff321fa71a360353d27f80a299fc62eef3571a47-3971x2114.
Statuario Antico,statuario-antico,600×1200 mm,Glossy,Glazed Vitrified,Glossy,Floor,,eleganz-600x1200,YES,VISIBLE,https://cdn.sanity.io/images/3jv6o4t6/production/278e1ff20efbec8abe9f31a61e32076b62e92cf4-3971x2114.
Statuario Antico Decor,statuario-antico-decor,600×1200 mm,Glossy,Glazed Vitrified,Glossy,Wall & Floor,,eleganz-600x1200,YES,VISIBLE,https://cdn.sanity.io/images/3jv6o4t6/production/7a84a8e8dd0af06007583d43c2f8602795f25038-3971x2114.
Statuario Ice,statuario-ice,600×1200 mm,Glossy,Glazed Vitrified,Glossy,Floor,,eleganz-600x1200,YES,VISIBLE,https://cdn.sanity.io/images/3jv6o4t6/production/bdc74a5c0d614709d4bf1752ea13739f1633b4d1-3971x2114.
Statuario Ice Decor,statuario-ice-decor,600×1200 mm,Glossy,Glazed Vitrified,Glossy,Wall & Floor,,eleganz-600x1200,YES,VISIBLE,https://cdn.sanity.io/images/3jv6o4t6/production/9d64d729835f0214872117818d7bdb2ebccaa6f4-3971x2114.
Amazonite Blue,amazonite-blue,600×1200 mm,High Gloss,Glazed Vitrified,High Gloss,Wall & Floor,,eleganz-600x1200,YES,VISIBLE,https://cdn.sanity.io/images/3jv6o4t6/production/0ea71258aef88ce40f79ecda15d18a0bec39989d-3968x4141.
Azure Aqua,azure-aqua,600×1200 mm,High Gloss,Glazed Vitrified,High Gloss,Wall & Floor,,eleganz-600x1200,YES,VISIBLE,https://cdn.sanity.io/images/3jv6o4t6/production/150ffa52585c09258bb5dc1782fbd47f85928753-3968x6757.
Cardinal Brown,cardinal-brown,600×1200 mm,High Gloss,Glazed Vitrified,High Gloss,Wall & Floor,,eleganz-600x1200,YES,VISIBLE,https://cdn.sanity.io/images/3jv6o4t6/production/36baa5192826afe8695f69914c7bcb0eed97165c-3968x8194.
Emerald Green,emerald-green,600×1200 mm,High Gloss,Glazed Vitrified,High Gloss,Wall & Floor,,eleganz-600x1200,YES,VISIBLE,https://cdn.sanity.io/images/3jv6o4t6/production/a7bdecbf99c019ae21e26ba16064210e39197dc3-1191x2400.
Green Emporian,green-emporian,600×1200 mm,High Gloss,Glazed Vitrified,High Gloss,Wall & Floor,,eleganz-600x1200,YES,VISIBLE,https://cdn.sanity.io/images/3jv6o4t6/production/19a33f5770aae5cac6f2f8e8c5ccbb4e4429e3ed-3968x7976.
Green Prime Emporian,green-prime-emporian,600×1200 mm,High Gloss,Glazed Vitrified,High Gloss,Wall & Floor,,eleganz-600x1200,YES,VISIBLE,https://cdn.sanity.io/images/3jv6o4t6/production/7221fac2ae981af76ed67e9f86ada7dd76dfba4d-3968x7936.
Helix Marble Brown,helix-marble-brown,600×1200 mm,High Gloss,Glazed Vitrified,High Gloss,Wall & Floor,,eleganz-600x1200,YES,VISIBLE,https://cdn.sanity.io/images/3jv6o4t6/production/c45da97b3be1e79bd6e06324b863636a548a329f-3968x8247.
Nero Marquina,nero-marquina,600×1200 mm,High Gloss,Glazed Vitrified,High Gloss,Wall & Floor,,eleganz-600x1200,YES,VISIBLE,https://cdn.sanity.io/images/3jv6o4t6/production/bec9d924e5717097241848af2ba96dc403c5faf6-3968x8053.
Obsidian Blue,obsidian-blue,600×1200 mm,High Gloss,Glazed Vitrified,High Gloss,Wall & Floor,,eleganz-600x1200,YES,VISIBLE,https://cdn.sanity.io/images/3jv6o4t6/production/0be7f61a2dc39aecb98db691c6f67ab5a7f14e47-3968x6056.
Omena Blue,omena-blue,600×1200 mm,High Gloss,Glazed Vitrified,High Gloss,Wall & Floor,,eleganz-600x1200,YES,VISIBLE,https://cdn.sanity.io/images/3jv6o4t6/production/9d5521968e0e9ea91cfad2d3dd382623ac8411ab-3968x8189.
Portoro,portoro,600×1200 mm,High Gloss,Glazed Vitrified,High Gloss,Wall & Floor,,eleganz-600x1200,YES,VISIBLE,https://cdn.sanity.io/images/3jv6o4t6/production/cfc6f88a0adf4817719e5e569aca6b23fd987b87-3968x8189.
Sanibell White,sanibell-white,600×1200 mm,High Gloss,Glazed Vitrified,High Gloss,Wall & Floor,,eleganz-600x1200,YES,VISIBLE,https://cdn.sanity.io/images/3jv6o4t6/production/ffbf8cd07e4febe3dd0e7d887048ac09bf709186-3968x6173.
Bedrock Brown,bedrock-brown,600×1200 mm,Matt,Glazed Vitrified,Matt,Floor,,eleganz-600x1200,YES,VISIBLE,https://cdn.sanity.io/images/3jv6o4t6/production/119bf079d8273661651c99f5b3f589ca21b8569d-2400x1200.
Bedrock Brown Decor,bedrock-brown-decor,600×1200 mm,Matt,Glazed Vitrified,Matt,Wall & Floor,,eleganz-600x1200,YES,VISIBLE,https://cdn.sanity.io/images/3jv6o4t6/production/bef481581833b40d4e168a61b9a7682e7c2a93d2-9527x4803.
Bedrock Crema,bedrock-crema,600×1200 mm,Matt,Glazed Vitrified,Matt,Floor,,eleganz-600x1200,YES,VISIBLE,https://cdn.sanity.io/images/3jv6o4t6/production/469b0594f1cd9e98bb76bb9e6798eececd07acbd-9449x4725.
Bedrock Decor,bedrock-decor,600×1200 mm,Matt,Glazed Vitrified,Matt,Wall & Floor,,eleganz-600x1200,YES,VISIBLE,https://cdn.sanity.io/images/3jv6o4t6/production/2075aa854145dd579001627c64a15845d585bfd6-9527x4803.
Bedrock Light,bedrock-light,600×1200 mm,Matt,Glazed Vitrified,Matt,Floor,,eleganz-600x1200,YES,VISIBLE,https://cdn.sanity.io/images/3jv6o4t6/production/623e99a289950d2c208546083f7351d22b8cebbd-9449x4725.
Castle Beige,castle-beige,600×1200 mm,Matt,Glazed Vitrified,Matt,Floor,,eleganz-600x1200,YES,VISIBLE,https://cdn.sanity.io/images/3jv6o4t6/production/7e5e5b73322f002d41f46fb34b446f33e40729c9-2400x1200.
Castle Beige Decor,castle-beige-decor,600×1200 mm,Matt,Glazed Vitrified,Matt,Wall & Floor,,eleganz-600x1200,YES,VISIBLE,https://cdn.sanity.io/images/3jv6o4t6/production/4c86dfe3c31e31aff36d2517659ac3ffce9f94c2-2400x1219.
Castle Green,castle-green,600×1200 mm,Matt,Glazed Vitrified,Matt,Floor,,eleganz-600x1200,YES,VISIBLE,https://cdn.sanity.io/images/3jv6o4t6/production/b0799c1af46ac63f830909763c3836739c68ac48-2400x1200.
Castle Green Decor,castle-green-decor,600×1200 mm,Matt,Glazed Vitrified,Matt,Wall & Floor,,eleganz-600x1200,YES,VISIBLE,https://cdn.sanity.io/images/3jv6o4t6/production/740b5b7dfdec37f66b32856e2d13a2a6fa2d67e4-2400x1219.
Castle Grey,castle-grey,600×1200 mm,Matt,Glazed Vitrified,Matt,Floor,,eleganz-600x1200,YES,VISIBLE,https://cdn.sanity.io/images/3jv6o4t6/production/39cf91eeedf091f36478cc445157def26959f95b-9449x4725.
Castle Grey Decor,castle-grey-decor,600×1200 mm,Matt,Glazed Vitrified,Matt,Wall & Floor,,eleganz-600x1200,YES,VISIBLE,https://cdn.sanity.io/images/3jv6o4t6/production/354186788fddea25df59e4a9fe67999212e7814d-9606x4882.
Castle Light Grey,castle-light-grey,600×1200 mm,Matt,Glazed Vitrified,Matt,Floor,,eleganz-600x1200,YES,VISIBLE,https://cdn.sanity.io/images/3jv6o4t6/production/837f611dfb3bf67c1e56c65ffff583f1bca5c0bf-9449x4725.
Driftwood Classic,driftwood-classic,600×1200 mm,Matt,Glazed Vitrified,Matt,Floor,,eleganz-600x1200,YES,VISIBLE,https://cdn.sanity.io/images/3jv6o4t6/production/442ee86a36a202eab797e3167dd52460883c4b20-10299x1029
Woody Cedar,woody-cedar,600×1200 mm,Matt,Glazed Vitrified,Matt,Floor,,eleganz-600x1200,YES,VISIBLE,https://cdn.sanity.io/images/3jv6o4t6/production/c99a25e8cfe10e42da42fd2dae6e476bb075c3de-9449x4725.
Woody Grey,woody-grey,600×1200 mm,Matt,Glazed Vitrified,Matt,Floor,,eleganz-600x1200,YES,VISIBLE,https://cdn.sanity.io/images/3jv6o4t6/production/646e434ff4317b27646f27500d2399aafbe97269-2400x1200.
Woody Teak,woody-teak,600×1200 mm,Matt,Glazed Vitrified,Matt,Floor,,eleganz-600x1200,YES,VISIBLE,https://cdn.sanity.io/images/3jv6o4t6/production/d7e9fec33c7aae5c02cb5e75dce91a65abe82f2d-2400x1200.
Woody Teak Decor,woody-teak-decor,600×1200 mm,Matt,Glazed Vitrified,Matt,Wall & Floor,,eleganz-600x1200,YES,VISIBLE,https://cdn.sanity.io/images/3jv6o4t6/production/e0a92f8fd44b5dbe6710f24734b9982425c244fe-2400x1219.
Woody Walnut,woody-walnut,600×1200 mm,Matt,Glazed Vitrified,Matt,Floor,,eleganz-600x1200,YES,VISIBLE,https://cdn.sanity.io/images/3jv6o4t6/production/ddd32aca98f6c594a6cea6feda8c9cb17293fd42-2400x1200.
Woody Walnut Decor,woody-walnut-decor,600×1200 mm,Matt,Glazed Vitrified,Matt,Wall & Floor,,eleganz-600x1200,YES,VISIBLE,https://cdn.sanity.io/images/3jv6o4t6/production/c67512d87eaad553b98b5261846028a7d81154a6-2400x1219.
Cemento Slate,cemento-slate,600×600 mm,Elegant,Vitrified,Matt,Floor,,vitrified-600x600,YES,VISIBLE,https://cdn.sanity.io/images/3jv6o4t6/production/3a50a39542ceb69665eb1f0744dd694640471582-10298x1029
Cryptic Pink Endless,cryptic-pink-endless,600×600 mm,Elegant,Vitrified,Matt,Floor,,vitrified-600x600,YES,VISIBLE,https://cdn.sanity.io/images/3jv6o4t6/production/5aa9b9d9dfd9a24ff1f9ec46c07a5be9e6d828a3-10283x1028
Godawari Marble Beige,godawari-marble-beige,600×600 mm,Godawari Marble,Marble Look,Glossy,Floor,Godawari Marble,spirit-of-nepal,YES,VISIBLE,https://cdn.sanity.io/images/3jv6o4t6/production/dcb040359930516e8e0514419da1ae3d9a4099f7-2400x2400.
Godawari Marble Dotted Crema,godawari-marble-dotted-crema,600×600 mm,Godawari Marble,Marble Look,Glossy,Floor,Godawari Marble,spirit-of-nepal,YES,VISIBLE,https://cdn.sanity.io/images/3jv6o4t6/production/32a32563aeb3033c92618d16638c306a38e2342d-2400x2400.
Marvel Bright,marvel-bright,600×600 mm,Marble,Marble Look,Matt,Floor,,vitrified-600x600,YES,VISIBLE,https://cdn.sanity.io/images/3jv6o4t6/production/0433204aaf8e41d912df310fa08510a84564fa30-10299x1029
Milky Crema,milky-crema,600×600 mm,Marble,Marble Look,Matt,Floor,,vitrified-600x600,YES,VISIBLE,https://cdn.sanity.io/images/3jv6o4t6/production/5cac471d487714b8212abe2e6dbf7a3749fd4598-10299x1029
Sigma Bianco Random,sigma-bianco-random,600×600 mm,Marble,Marble Look,Matt,Floor,,vitrified-600x600,YES,VISIBLE,https://cdn.sanity.io/images/3jv6o4t6/production/45cdf1bc126fe900e69699f8a4c941997c62c040-10299x1029
Sigma Gold,sigma-gold,600×600 mm,Marble,Marble Look,Matt,Floor,,vitrified-600x600,YES,VISIBLE,https://cdn.sanity.io/images/3jv6o4t6/production/91a9e951b0c232a243d9037bc101b0a26bca4d8b-10283x1028
Windy Smug,windy-smug,600×600 mm,Marble,Marble Look,Matt,Floor,,vitrified-600x600,YES,VISIBLE,https://cdn.sanity.io/images/3jv6o4t6/production/6d526aad639847c46d1182ffcd33f502a147820a-10299x1029
Dark Ivory,dark-ivory,600×600 mm,Plain,Monochrome,Matt,Floor,,vitrified-600x600,YES,VISIBLE,https://cdn.sanity.io/images/3jv6o4t6/production/11e0ead851ce9df7368959689835b1d0d157aa89-10283x1028
Echo Beige,echo-beige,600×600 mm,Plain,Monochrome,Matt,Floor,,vitrified-600x600,YES,VISIBLE,https://cdn.sanity.io/images/3jv6o4t6/production/e699262a3717bc161b32cd1a7332c7481f8d4aa9-10299x1029
Echo Dark,echo-dark,600×600 mm,Plain,Monochrome,Matt,Floor,,vitrified-600x600,YES,VISIBLE,https://cdn.sanity.io/images/3jv6o4t6/production/1d0e590724f9c906762d03260e76493a5506a78e-10299x1029
Echo Grey,echo-grey,600×600 mm,Plain,Monochrome,Matt,Floor,,vitrified-600x600,YES,VISIBLE,https://cdn.sanity.io/images/3jv6o4t6/production/65d1d4b4aa4ed67e1218273d084cade8c7cb6498-10299x1029
Pleasant Beige,pleasant-beige,600×600 mm,Plain,Monochrome,Matt,Floor,,vitrified-600x600,YES,VISIBLE,https://cdn.sanity.io/images/3jv6o4t6/production/6f07ceafa70253e79d90434ee03322e9dfc343c0-10299x1029
Pleasant White,pleasant-white,600×600 mm,Plain,Monochrome,Matt,Floor,,vitrified-600x600,YES,VISIBLE,https://cdn.sanity.io/images/3jv6o4t6/production/e92c052586123b3864c7ab424ea386b074ecf5fe-10299x1029
Antiquity,antiquity,600×600 mm,Stone,Stone Look,Matt,Floor,,vitrified-600x600,YES,VISIBLE,https://cdn.sanity.io/images/3jv6o4t6/production/921f70d0bbe2a8f6d89a5dfdb17e74881653eb12-10268x1026
Antiquity Grey,antiquity-grey,600×600 mm,Stone,Stone Look,Matt,Floor,,vitrified-600x600,YES,VISIBLE,https://cdn.sanity.io/images/3jv6o4t6/production/9d79ac40ef8b33066b7754531e4a7c3dc6018290-10283x1028
Antiquity Natural,antiquity-natural,600×600 mm,Stone,Stone Look,Matt,Floor,,vitrified-600x600,YES,VISIBLE,https://cdn.sanity.io/images/3jv6o4t6/production/6f9c45b5484b3f86e0d260d05ee30962258f0f78-993x994.jp
Antiquity Pearl,antiquity-pearl,600×600 mm,Stone,Stone Look,Matt,Floor,,vitrified-600x600,YES,VISIBLE,https://cdn.sanity.io/images/3jv6o4t6/production/ac34426833f4ec358d2ac38d9500497f17e558f4-10283x1028
3d Gloss,3d-gloss,600×600 mm,Woody,Wood Look,Matt,Floor,,vitrified-600x600,YES,VISIBLE,https://cdn.sanity.io/images/3jv6o4t6/production/f8af4529c1c9aa5de623deaa133424396f199581-10299x1029
Driftwood Ash,driftwood-ash,600×600 mm,Woody,Wood Look,Matt,Floor,,vitrified-600x600,YES,VISIBLE,https://cdn.sanity.io/images/3jv6o4t6/production/ae76b958f3a67fe5093e7e1254cb254311fecced-10299x1029
Driftwood Classic,driftwood-classic,600×600 mm,Woody,Wood Look,Matt,Floor,,vitrified-600x600,YES,VISIBLE,https://cdn.sanity.io/images/3jv6o4t6/production/442ee86a36a202eab797e3167dd52460883c4b20-10299x1029
Driftwood Teak,driftwood-teak,600×600 mm,Woody,Wood Look,Matt,Floor,,vitrified-600x600,YES,VISIBLE,https://cdn.sanity.io/images/3jv6o4t6/production/8857f2688ec3b938426f65ebb3d013aefb956c51-10299x1029
Edged Wood,edged-wood,600×600 mm,Woody,Wood Look,Matt,Floor,,vitrified-600x600,YES,VISIBLE,https://cdn.sanity.io/images/3jv6o4t6/production/5e2e8eaea3fbab2fb1cb133f6a6248ed2727312e-9198x9198.
Edged Wood Intence,edged-wood-intence,600×600 mm,Woody,Wood Look,Matt,Floor,,vitrified-600x600,YES,VISIBLE,https://cdn.sanity.io/images/3jv6o4t6/production/9789b5f1f2f6c66f9603c890bf014087cfbf9f20-10299x1029
Gingham Toss,gingham-toss,600×600 mm,Woody,Wood Look,Matt,Floor,,vitrified-600x600,YES,VISIBLE,https://cdn.sanity.io/images/3jv6o4t6/production/2942f60c03f362c1442ef9948b4fffe06ea94be6-10493x1049
Lavish Log,lavish-log,600×600 mm,Woody,Wood Look,Matt,Floor,,vitrified-600x600,YES,VISIBLE,https://cdn.sanity.io/images/3jv6o4t6/production/c3edd72e2edc7af1f495be4ac9460ea026b75e5b-2400x2400.
Magic Mocha,magic-mocha,600×600 mm,Woody,Wood Look,Matt,Floor,,vitrified-600x600,YES,VISIBLE,https://cdn.sanity.io/images/3jv6o4t6/production/5a40fce7cb538088c158b688d69d927b0813cb7d-10299x1029
Marble Grey,marble-grey,600×600 mm,Woody,Wood Look,Matt,Floor,,vitrified-600x600,YES,VISIBLE,https://cdn.sanity.io/images/3jv6o4t6/production/d9e2523c6b1ecd155b3bcf8bbe9b6f9c2da1331f-10299x1029
Marble Grid,marble-grid,600×600 mm,Woody,Wood Look,Matt,Floor,,vitrified-600x600,YES,VISIBLE,https://cdn.sanity.io/images/3jv6o4t6/production/c3a8bf0bc57a49ef90c216f2fe710193ab8a772e-10299x1029
Matrix Pine,matrix-pine,600×600 mm,Woody,Wood Look,Matt,Floor,,vitrified-600x600,YES,VISIBLE,https://cdn.sanity.io/images/3jv6o4t6/production/55020e2e9bf3d88c93e1621a16f6c0e74ac78387-10299x1029
Noughts Crosses,noughts-crosses,600×600 mm,Woody,Wood Look,Matt,Floor,,vitrified-600x600,YES,VISIBLE,https://cdn.sanity.io/images/3jv6o4t6/production/40c3030e1b601a59d184b3fef07625b75d2547fa-10299x1029
Rav Brown,rav-brown,600×600 mm,Woody,Wood Look,Matt,Floor,,vitrified-600x600,YES,VISIBLE,https://cdn.sanity.io/images/3jv6o4t6/production/b087ce5fde9f683b214e6fc07d5cd163ba18f42c-10299x1029
Serendipity,serendipity,600×600 mm,Woody,Wood Look,Matt,Floor,,vitrified-600x600,YES,VISIBLE,https://cdn.sanity.io/images/3jv6o4t6/production/b6914d99279b3d85730ba2ebc5617f06fb64acb4-10299x1029
Timbre Bliss,timbre-bliss,600×600 mm,Woody,Wood Look,Matt,Floor,,vitrified-600x600,YES,VISIBLE,https://cdn.sanity.io/images/3jv6o4t6/production/af80e478a50ab87e4fb79438204324ebb5afd956-10299x1029
Timbre Mat,timbre-mat,600×600 mm,Woody,Wood Look,Matt,Floor,,vitrified-600x600,YES,VISIBLE,https://cdn.sanity.io/images/3jv6o4t6/production/9e5bf21556603322b9f8f8d99da43c9ebc490a06-10299x1029
Toscana Grid,toscana-grid,600×600 mm,Woody,Wood Look,Matt,Floor,,vitrified-600x600,YES,VISIBLE,https://cdn.sanity.io/images/3jv6o4t6/production/44dfdfe766fe086b1923e50ab6b0c8898158de47-10299x1029
Twizel Blue,twizel-blue,600×600 mm,Woody,Wood Look,Matt,Floor,,vitrified-600x600,YES,VISIBLE,https://cdn.sanity.io/images/3jv6o4t6/production/bb65ee9c7f6453ce9f122b095453430d1470579a-10299x1029
White Oak,white-oak,600×600 mm,Woody,Wood Look,Matt,Floor,,vitrified-600x600,YES,VISIBLE,https://cdn.sanity.io/images/3jv6o4t6/production/c7effeb9df8fb48439fabb9dfa5ed23876fac5fa-10299x1029
Wooden Galaicha,wooden-galaicha,600×600 mm,Woody,Wood Look,Matt,Floor,,vitrified-600x600,YES,VISIBLE,https://cdn.sanity.io/images/3jv6o4t6/production/2269be4851acb12ac7112ef7bc9fc5c7ea271fe5-10299x1029
Woody Bright,woody-bright,600×600 mm,Woody,Wood Look,Matt,Floor,,vitrified-600x600,YES,VISIBLE,https://cdn.sanity.io/images/3jv6o4t6/production/e732bedaf10c55cd6be6e1e55ae46b862ecc6409-10299x1029
Woody Foist,woody-foist,600×600 mm,Woody,Wood Look,Matt,Floor,,vitrified-600x600,YES,VISIBLE,https://cdn.sanity.io/images/3jv6o4t6/production/ea4112f6a54f915a463f0470572564f77f779d30-10299x1029
Woody Impression,woody-impression,600×600 mm,Woody,Wood Look,Matt,Floor,,vitrified-600x600,YES,VISIBLE,https://cdn.sanity.io/images/3jv6o4t6/production/9c497714f6486b140d40b81b9470ff58ca75538f-10299x1029
Woody Marble,woody-marble,600×600 mm,Woody,Wood Look,Matt,Floor,,vitrified-600x600,YES,VISIBLE,https://cdn.sanity.io/images/3jv6o4t6/production/8f1e14b017541042547fc7017c3cc8c08b185598-10299x1029
